Workbook

Sheet Barison
A1: Barison Romeo
H6: Catégorie | Y6: Libre | AO6: Cadre | BF6: 1bande | BW6: 3bandes Match | CM6: 3bandes 1/4match | DD6: 3bandes Match conv.
H8: Pts | L8: Rep | P8: Moy | Y8: =IF(N38="",0,N38)+IF(AD129="",0,AD129)+IF(BF129="",0,BF129)+IF(CX129="",0,CX129) -> 258 | AC8: =IF(R38="",0,R38)+IF(AG129="",0,AG129)+IF(BJ129="",0,BJ129)+IF(DB129="",0,DB129) -> 120 | AG8: =IF(Y8=0,0,ROUNDDOWN(Y8/AC8,3)) -> 2.15 | AO8: =IF(BF38="",0,BF38)+IF(AC152="",0,AC152)+IF(BF152="",0,BF152) -> 0 | AS8: =IF(BJ38="",0,BJ38)+IF(AG152="",0,AG152)+IF(BJ152="",0,BJ152) -> 0 | AW8: =IF(AO8=0,0,ROUNDDOWN(AO8/AS8,3)) -> 0 | BF8: =IF(CX152="",0,CX152)+IF(AC175="",0,AC175) -> 0 | BJ8: =IF(DB152="",0,DB152)+IF(AG175="",0,AG175) -> 0 | BN8: =IF(BF8=0,0,ROUNDDOWN(BF8/BJ8,3)) -> 0 | BW8: =IF(CX38="",0,CX38)+IF(N69="",0,N69)+IF(N198="",0,N198)+IF(BF198="",0,BF198)+IF(CX198="",0,CX198)+IF(BF175="",0,BF175) -> 0 | CA8: =IF(DB38="",0,DB38)+IF(R69="",0,R69)+IF(R198="",0,R198)+IF(BJ198="",0,BJ198)+IF(DB198="",0,DB198)+IF(BJ175="",0,BJ175) -> 0 | CE8: =IF(BW8=0,0,ROUNDDOWN(BW8/CA8,3)) -> 0 | CM8: =IF(BF69="",0,BF69)+IF(AD198="",0,AD198)+IF(BV198="",0,BV198)+IF(DN198="",0,DN198)+IF(CX175="",0,CX175) -> 0 | CQ8: =IF(BJ69="",0,BJ69)+IF(AG198="",0,AG198)+IF(BY198="",0,BY198)+IF(DQ198="",0,DQ198)+IF(DB175="",0,DB175) -> 0 | CU8: =IF(CM8=0,0,ROUNDDOWN(CM8/CQ8,3)) -> 0 | DD8: =SUM(BW8+(CM8*0.7)) -> 0 | DH8: =SUM(CA8+CQ8) -> 0 | DL8: =IF(DD8=0,0,ROUNDDOWN(DD8/DH8,3)) -> 0
A12: Libre | AS12: Cadre | CK12: 3bandes Billard Match
H14: Date | N14: Pts | R14: Rep | U14: Moy. | Y14: Série | AC14: Advers. | AJ14: Equipe | AZ14: Date | BF14: Pts | BJ14: Rep | BM14: Moy. | BQ14: Série | BU14: Advers. | CB14: Equipe | CR14: Date | CX14: Pts | DB14: Rep | DE14: Moy. | DI14: Série | DM14: Advers. | DT14: Equipe
A16: ITC Classique | D16: J 1 | H16: 46041 | N16: 57 | R16: 20 | U16: =IF(H16="","",ROUNDDOWN(N16/R16,3)) -> 2.85 | Y16: 25 | AC16: Soares A. | AJ16: DUD2 | AS16: ITC Classique | AV16: J 1 | BM16: =IF(AZ16="","",ROUNDDOWN(BF16/BJ16,3)) | CK16: ITC Classique | CN16: J 1 | DE16: =IF(CR16="","",ROUNDDOWN(CX16/DB16,3))
D18: J 2 | H18: 46048 | N18: 27 | R18: 20 | U18: =IF(H18="","",ROUNDDOWN(N18/R18,3)) -> 1.35 | Y18: 6 | AC18: Leclerc Ph. | AJ18: DUD2 | AV18: J 2 | BM18: =IF(AZ18="","",ROUNDDOWN(BF18/BJ18,3)) | CN18: J 2 | DE18: =IF(CR18="","",ROUNDDOWN(CX18/DB18,3))
D20: J 3 | H20: 46055 | N20: 51 | R20: 20 | U20: =IF(H20="","",ROUNDDOWN(N20/R20,3)) -> 2.55 | Y20: 17 | AC20: D'Hoest F. | AJ20: DUD1 | AV20: J 3 | BM20: =IF(AZ20="","",ROUNDDOWN(BF20/BJ20,3)) | CN20: J 3 | DE20: =IF(CR20="","",ROUNDDOWN(CX20/DB20,3))
D22: J 4 | H22: 46062 | N22: 17 | R22: 20 | U22: =IF(H22="","",ROUNDDOWN(N22/R22,3)) -> 0.85 | Y22: 4 | AC22: Engel G. | AJ22: DUD2 | AV22: J 4 | BM22: =IF(AZ22="","",ROUNDDOWN(BF22/BJ22,3)) | CN22: J 4 | DE22: =IF(CR22="","",ROUNDDOWN(CX22/DB22,3))
D24: J 5 | H24: 46076 | N24: 53 | R24: 20 | U24: =IF(H24="","",ROUNDDOWN(N24/R24,3)) -> 2.65 | Y24: 11 | AC24: Rommes R. | AJ24: DUD1 | AV24: J 5 | BM24: =IF(AZ24="","",ROUNDDOWN(BF24/BJ24,3)) | CN24: J 5 | DE24: =IF(CR24="","",ROUNDDOWN(CX24/DB24,3))
D26: J 6 | H26: 46083 | N26: 53 | R26: 20 | U26: =IF(H26="","",ROUNDDOWN(N26/R26,3)) -> 2.65 | Y26: 11 | AC26: Bollini L. | AJ26: DUD1 | AV26: J 6 | BM26: =IF(AZ26="","",ROUNDDOWN(BF26/BJ26,3)) | CN26: J 6 | DE26: =IF(CR26="","",ROUNDDOWN(CX26/DB26,3))
D28: J7 | U28: =IF(H28="","",ROUNDDOWN(N28/R28,3)) | AV28: J7 | BM28: =IF(AZ28="","",ROUNDDOWN(BF28/BJ28,3)) | CN28: J7 | DE28: =IF(CR28="","",ROUNDDOWN(CX28/DB28,3))
D30: J8 | U30: =IF(H30="","",ROUNDDOWN(N30/R30,3)) | AV30: J8 | BM30: =IF(AZ30="","",ROUNDDOWN(BF30/BJ30,3)) | CN30: J8 | DE30: =IF(CR30="","",ROUNDDOWN(CX30/DB30,3))
D32: J9 | U32: =IF(H32="","",ROUNDDOWN(N32/R32,3)) | AV32: J9 | BM32: =IF(AZ32="","",ROUNDDOWN(BF32/BJ32,3)) | CN32: J9 | DE32: =IF(CR32="","",ROUNDDOWN(CX32/DB32,3))
D34: J10 | U34: =IF(H34="","",ROUNDDOWN(N34/R34,3)) | AV34: J10 | BM34: =IF(AZ34="","",ROUNDDOWN(BF34/BJ34,3)) | CN34: J10 | DE34: =IF(CR34="","",ROUNDDOWN(CX34/DB34,3))
N36: =SUM(N16:Q35) -> 258 | U36: =IF(H36="","",ROUNDDOWN(N36/R36,3)) | BF36: =SUM(BF16:BI35) -> 0 | BM36: =IF(AZ36="","",ROUNDDOWN(BF36/BJ36,3)) | CX36: =SUM(CX16:DA35) -> 0 | DE36: =IF(CR36="","",ROUNDDOWN(CX36/DB36,3))
H38: =IF(N36=0,"","Total") -> Total | N38: =IF(H38="","",SUM(N16:Q35)) -> 258 | R38: =IF(H38="","",SUM(R16:T35)) -> 120 | U38: =IF(H38="","",ROUNDDOWN(N38/R38,3)) -> 2.15 | AZ38: =IF(BF36=0,"","Total") | BF38: =IF(AZ38="","",SUM(BF16:BI35)) | BJ38: =IF(AZ38="","",SUM(BJ16:BL35)) | BM38: =IF(AZ38="","",ROUNDDOWN(BF38/BJ38,3)) | CR38: =IF(CX36=0,"","Total") | CX38: =IF(CR38="","",SUM(CX16:DA35)) | DB38: =IF(CR38="","",SUM(DB16:DD35)) | DE38: =IF(CR38="","",ROUNDDOWN(CX38/DB38,3))
Z39: Matchs en 1. équipe
A43: 3bandes Billard Match | AS43: 3bandes Billard 1/4 match
H45: Date | N45: Pts | R45: Rep | U45: Moy. | Y45: Série | AC45: Advers. | AJ45: Equipe | AZ45: Date | BF45: Pts | BJ45: Rep | BM45: Moy. | BQ45: Série | BU45: Advers. | CB45: Equipe
A47: ITC 3bandes | D47: J 1 | U47: =IF(H47="","",ROUNDDOWN(N47/R47,3)) | AS47: ITC 3bandes | AV47: J 1 | BM47: =IF(AZ47="","",ROUNDDOWN(BF47/BJ47,3))
D49: J 2 | U49: =IF(H49="","",ROUNDDOWN(N49/R49,3)) | AV49: J 2 | BM49: =IF(AZ49="","",ROUNDDOWN(BF49/BJ49,3))
D51: J 3 | U51: =IF(H51="","",ROUNDDOWN(N51/R51,3)) | AV51: J 3 | BM51: =IF(AZ51="","",ROUNDDOWN(BF51/BJ51,3))
D53: J 4 | U53: =IF(H53="","",ROUNDDOWN(N53/R53,3)) | AV53: J 4 | BM53: =IF(AZ53="","",ROUNDDOWN(BF53/BJ53,3))
D55: J 5 | U55: =IF(H55="","",ROUNDDOWN(N55/R55,3)) | AV55: J 5 | BM55: =IF(AZ55="","",ROUNDDOWN(BF55/BJ55,3))
D57: J 6 | U57: =IF(H57="","",ROUNDDOWN(N57/R57,3)) | AV57: J 6 | BM57: =IF(AZ57="","",ROUNDDOWN(BF57/BJ57,3))
D59: J7 | U59: =IF(H59="","",ROUNDDOWN(N59/R59,3)) | AV59: J7 | BM59: =IF(AZ59="","",ROUNDDOWN(BF59/BJ59,3))
D61: J8 | U61: =IF(H61="","",ROUNDDOWN(N61/R61,3)) | AV61: J8 | BM61: =IF(AZ61="","",ROUNDDOWN(BF61/BJ61,3))
D63: J9 | U63: =IF(H63="","",ROUNDDOWN(N63/R63,3)) | AV63: J9 | BM63: =IF(AZ63="","",ROUNDDOWN(BF63/BJ63,3))
D65: J10 | U65: =IF(H65="","",ROUNDDOWN(N65/R65,3)) | AV65: J10 | BM65: =IF(AZ65="","",ROUNDDOWN(BF65/BJ65,3))
N67: =SUM(N47:Q66) -> 0 | U67: =IF(H67="","",ROUNDDOWN(N67/R67,3)) | BF67: =SUM(BF47:BI66) -> 0 | BM67: =IF(AZ67="","",ROUNDDOWN(BF67/BJ67,3))
H69: =IF(N67=0,"","Total") | N69: =IF(H69="","",SUM(N47:Q66)) | R69: =IF(H69="","",SUM(R47:T66)) | U69: =IF(H69="","",ROUNDDOWN(N69/R69,3)) | AZ69: =IF(BF67=0,"","Total") | BF69: =IF(AZ69="","",SUM(BF47:BI66)) | BJ69: =IF(AZ69="","",SUM(BJ47:BL66)) | BM69: =IF(AZ69="","",ROUNDDOWN(BF69/BJ69,3))
H73: 2 Matchs pour moyenne
A111: Individuel Libre Match | AS111: Individuel Libre 1/4match | CK111: Individuel Handycap
H113: Date | N113: Pts | R113: Rep | U113: Moy. | Y113: Série | AC113: Advers. | AJ113: Equipe | AZ113: Date | BF113: Pts | BJ113: Rep | BM113: Moy. | BQ113: Série | BU113: Advers. | CB113: Equipe | CR113: Date | CX113: Pts | DB113: Rep | DE113: Moy. | DI113: Série | DM113: Advers. | DT113: Equipe
U115: =IF(H115="","",ROUNDDOWN(N115/R115,3)) | BM115: =IF(AZ115="","",ROUNDDOWN(BF115/BJ115,3)) | DE115: =IF(CR115="","",ROUNDDOWN(CX115/DB115,3))
U117: =IF(H117="","",ROUNDDOWN(N117/R117,3)) | BM117: =IF(AZ117="","",ROUNDDOWN(BF117/BJ117,3)) | DE117: =IF(CR117="","",ROUNDDOWN(CX117/DB117,3))
U119: =IF(H119="","",ROUNDDOWN(N119/R119,3)) | BM119: =IF(AZ119="","",ROUNDDOWN(BF119/BJ119,3)) | DE119: =IF(CR119="","",ROUNDDOWN(CX119/DB119,3))
U121: =IF(H121="","",ROUNDDOWN(N121/R121,3)) | BM121: =IF(AZ121="","",ROUNDDOWN(BF121/BJ121,3)) | DE121: =IF(CR121="","",ROUNDDOWN(CX121/DB121,3))
U123: =IF(H123="","",ROUNDDOWN(N123/R123,3)) | BM123: =IF(AZ123="","",ROUNDDOWN(BF123/BJ123,3)) | DE123: =IF(CR123="","",ROUNDDOWN(CX123/DB123,3))
U125: =IF(H125="","",ROUNDDOWN(N125/R125,3)) | BM125: =IF(AZ125="","",ROUNDDOWN(BF125/BJ125,3)) | DE125: =IF(CR125="","",ROUNDDOWN(CX125/DB125,3))
N127: =SUM(N115:Q126) -> 0 | U127: =IF(H127="","",ROUNDDOWN(N127/R127,3)) | BF127: =SUM(BF115:BI126) -> 0 | BM127: =IF(AZ127="","",ROUNDDOWN(BF127/BJ127,3)) | CX127: =SUM(CX115:DA126) -> 0 | DE127: =IF(CR127="","",ROUNDDOWN(CX127/DB127,3))
H129: =IF(N127=0,"","Total") | N129: =IF(H129="","",SUM(N115:Q126)) | R129: =IF(H129="","",SUM(R115:T126)) | U129: =IF(H129="","",ROUNDDOWN(N129/R129,3)) | Y129: 1/4 | AD129: =IF(N129="","",N129+N129*0.4) | AG129: =R129 | AJ129: =IF(AD129="","",ROUNDDOWN(AD129/AG129,3)) | AZ129: =IF(BF127=0,"","Total") | BF129: =IF(AZ129="","",SUM(BF115:BI126)) | BJ129: =IF(AZ129="","",SUM(BJ115:BL126)) | BM129: =IF(AZ129="","",ROUNDDOWN(BF129/BJ129,3)) | CR129: =IF(CX127=0,"","Total") | CX129: =IF(CR129="","",SUM(CX115:DA126)) | DB129: =IF(CR129="","",SUM(DB115:DD126)) | DE129: =IF(CR129="","",ROUNDDOWN(CX129/DB129,3))
A134: Individuel Cadre 47/2 | AS134: Individuel Cadre 38/2 | CK134: Individuel 1 bande
H136: Date | N136: Pts | R136: Rep | U136: Moy. | Y136: Série | AC136: Advers. | AJ136: Equipe | AZ136: Date | BF136: Pts | BJ136: Rep | BM136: Moy. | BQ136: Série | BU136: Advers. | CB136: Equipe | CR136: Date | CX136: Pts | DB136: Rep | DE136: Moy. | DI136: Série | DM136: Advers. | DT136: Equipe
U138: =IF(H138="","",ROUNDDOWN(N138/R138,3)) | BM138: =IF(AZ138="","",ROUNDDOWN(BF138/BJ138,3)) | DE138: =IF(CR138="","",ROUNDDOWN(CX138/DB138,3))
U140: =IF(H140="","",ROUNDDOWN(N140/R140,3)) | BM140: =IF(AZ140="","",ROUNDDOWN(BF140/BJ140,3)) | DE140: =IF(CR140="","",ROUNDDOWN(CX140/DB140,3))
U142: =IF(H142="","",ROUNDDOWN(N142/R142,3)) | BM142: =IF(AZ142="","",ROUNDDOWN(BF142/BJ142,3)) | DE142: =IF(CR142="","",ROUNDDOWN(CX142/DB142,3))
U144: =IF(H144="","",ROUNDDOWN(N144/R144,3)) | BM144: =IF(AZ144="","",ROUNDDOWN(BF144/BJ144,3)) | DE144: =IF(CR144="","",ROUNDDOWN(CX144/DB144,3))
U146: =IF(H146="","",ROUNDDOWN(N146/R146,3)) | BM146: =IF(AZ146="","",ROUNDDOWN(BF146/BJ146,3)) | DE146: =IF(CR146="","",ROUNDDOWN(CX146/DB146,3))
U148: =IF(H148="","",ROUNDDOWN(N148/R148,3)) | BM148: =IF(AZ148="","",ROUNDDOWN(BF148/BJ148,3)) | DE148: =IF(CR148="","",ROUNDDOWN(CX148/DB148,3))
N150: =SUM(N138:Q149) -> 0 | U150: =IF(H150="","",ROUNDDOWN(N150/R150,3)) | BF150: =SUM(BF138:BI149) -> 0 | BM150: =IF(AZ150="","",ROUNDDOWN(BF150/BJ150,3)) | CX150: =SUM(CX138:DA149) -> 0 | DE150: =IF(CR150="","",ROUNDDOWN(CX150/DB150,3))
H152: =IF(N150=0,"","Total") | N152: =IF(H152="","",SUM(N138:Q149)) | R152: =IF(H152="","",SUM(R138:T149)) | U152: =IF(H152="","",ROUNDDOWN(N152/R152,3)) | Y152: 1/4 | AG152: =R152 | AJ152: =IF(AC152="","",ROUNDDOWN(AC152/AG152,3)) | AZ152: =IF(BF150=0,"","Total") | BF152: =IF(AZ152="","",SUM(BF138:BI149)) | BJ152: =IF(AZ152="","",SUM(BJ138:BL149)) | BM152: =IF(AZ152="","",ROUNDDOWN(BF152/BJ152,3)) | CR152: =IF(CX150=0,"","Total") | CX152: =IF(CR152="","",SUM(CX138:DA149)) | DB152: =IF(CR152="","",SUM(DB138:DD149)) | DE152: =IF(CR152="","",ROUNDDOWN(CX152/DB152,3))
A157: Individuel 1 bande Match | AS157: Individuel 3bandes Match | CK157: Individuel 3bandes 1/4 match
H159: Date | N159: Pts | R159: Rep | U159: Moy. | Y159: Série | AC159: Advers. | AJ159: Equipe | AZ159: Date | BF159: Pts | BJ159: Rep | BM159: Moy. | BQ159: Série | BU159: Advers. | CB159: Equipe | CR159: Date | CX159: Pts | DB159: Rep | DE159: Moy. | DI159: Série | DM159: Advers. | DT159: Equipe
U161: =IF(H161="","",ROUNDDOWN(N161/R161,3)) | BM161: =IF(AZ161="","",ROUNDDOWN(BF161/BJ161,3)) | DE161: =IF(CR161="","",ROUNDDOWN(CX161/DB161,3))
U163: =IF(H163="","",ROUNDDOWN(N163/R163,3)) | BM163: =IF(AZ163="","",ROUNDDOWN(BF163/BJ163,3)) | DE163: =IF(CR163="","",ROUNDDOWN(CX163/DB163,3))
U165: =IF(H165="","",ROUNDDOWN(N165/R165,3)) | BM165: =IF(AZ165="","",ROUNDDOWN(BF165/BJ165,3)) | DE165: =IF(CR165="","",ROUNDDOWN(CX165/DB165,3))
U167: =IF(H167="","",ROUNDDOWN(N167/R167,3)) | BM167: =IF(AZ167="","",ROUNDDOWN(BF167/BJ167,3)) | DE167: =IF(CR167="","",ROUNDDOWN(CX167/DB167,3))
U169: =IF(H169="","",ROUNDDOWN(N169/R169,3)) | BM169: =IF(AZ169="","",ROUNDDOWN(BF169/BJ169,3)) | DE169: =IF(CR169="","",ROUNDDOWN(CX169/DB169,3))
U171: =IF(H171="","",ROUNDDOWN(N171/R171,3)) | BM171: =IF(AZ171="","",ROUNDDOWN(BF171/BJ171,3)) | DE171: =IF(CR171="","",ROUNDDOWN(CX171/DB171,3))
N173: =SUM(N161:Q172) -> 0 | U173: =IF(H173="","",ROUNDDOWN(N173/R173,3)) | BF173: =SUM(BF161:BI172) -> 0 | BM173: =IF(AZ173="","",ROUNDDOWN(BF173/BJ173,3)) | CX173: =SUM(CX161:DA172) -> 0 | DE173: =IF(CR173="","",ROUNDDOWN(CX173/DB173,3))
H175: =IF(N173=0,"","Total") | N175: =IF(H175="","",SUM(N161:Q172)) | R175: =IF(H175="","",SUM(R161:T172)) | U175: =IF(H175="","",ROUNDDOWN(N175/R175,3)) | Y175: 1/4 | AG175: =R175 | AJ175: =IF(AC175="","",ROUNDDOWN(AC175/AG175,3)) | AZ175: =IF(BF173=0,"","Total") | BF175: =IF(AZ175="","",SUM(BF161:BI172)) | BJ175: =IF(AZ175="","",SUM(BJ161:BL172)) | BM175: =IF(AZ175="","",ROUNDDOWN(BF175/BJ175,3)) | CR175: =IF(CX173=0,"","Total") | CX175: =IF(CR175="","",SUM(CX161:DA172)) | DB175: =IF(CR175="","",SUM(DB161:DD172)) | DE175: =IF(CR175="","",ROUNDDOWN(CX175/DB175,3))
A180: 1ier Grand Prix 3bandes | AS180: 2ième Grand Prix 3bandes | CK180: 3ième Grand Prix 3bandes
H182: Date | N182: Pts | R182: Rep | U182: Moy. | Y182: Série | AC182: Advers. | AJ182: Billard | AZ182: Date | BF182: Pts | BJ182: Rep | BM182: Moy. | BQ182: Série | BU182: Advers. | CB182: Billard | CR182: Date | CX182: Pts | DB182: Rep | DE182: Moy. | DI182: Série | DM182: Advers. | DT182: Billard
A184: 1er Grand Prix | U184: =IF(H184="","",ROUNDDOWN(N184/R184,3)) | AS184: 2ième Grand Prix | BM184: =IF(AZ184="","",ROUNDDOWN(BF184/BJ184,3)) | CK184: 3ième Grand Prix | DE184: =IF(CR184="","",ROUNDDOWN(CX184/DB184,3))
U186: =IF(H186="","",ROUNDDOWN(N186/R186,3)) | BM186: =IF(AZ186="","",ROUNDDOWN(BF186/BJ186,3)) | DE186: =IF(CR186="","",ROUNDDOWN(CX186/DB186,3))
U188: =IF(H188="","",ROUNDDOWN(N188/R188,3)) | BM188: =IF(AZ188="","",ROUNDDOWN(BF188/BJ188,3)) | DE188: =IF(CR188="","",ROUNDDOWN(CX188/DB188,3))
U190: =IF(H190="","",ROUNDDOWN(N190/R190,3)) | BM190: =IF(AZ190="","",ROUNDDOWN(BF190/BJ190,3)) | DE190: =IF(CR190="","",ROUNDDOWN(CX190/DB190,3))
U192: =IF(H192="","",ROUNDDOWN(N192/R192,3)) | BM192: =IF(AZ192="","",ROUNDDOWN(BF192/BJ192,3)) | DE192: =IF(CR192="","",ROUNDDOWN(CX192/DB192,3))
U194: =IF(H194="","",ROUNDDOWN(N194/R194,3)) | BM194: =IF(AZ194="","",ROUNDDOWN(BF194/BJ194,3)) | DE194: =IF(CR194="","",ROUNDDOWN(CX194/DB194,3))
N196: =SUM(N184:Q195) -> 0 | U196: =IF(H196="","",ROUNDDOWN(N196/R196,3)) | BF196: =SUM(BF184:BI195) -> 0 | BM196: =IF(AZ196="","",ROUNDDOWN(BF196/BJ196,3)) | CX196: =SUM(CX184:DA195) -> 0 | DE196: =IF(CR196="","",ROUNDDOWN(CX196/DB196,3))
H198: =IF(N196=0,"","Total") | N198: =IF(H198="","",SUM(N184:Q195)) | R198: =IF(H198="","",SUM(R184:T195)) | U198: =IF(H198="","",ROUNDDOWN(N198/R198,3)) | Y198: 1/4 | AJ198: =IF(AD198="","",ROUNDDOWN(AD198/AG198,3)) | AZ198: =IF(BF196=0,"","Total") | BF198: =IF(AZ198="","",SUM(BF184:BI195)) | BJ198: =IF(AZ198="","",SUM(BJ184:BL195)) | BM198: =IF(AZ198="","",ROUNDDOWN(BF198/BJ198,3)) | BQ198: 1/4 | CB198: =IF(BV198="","",ROUNDDOWN(BV198/BY198,3)) | CR198: =IF(CX196=0,"","Total") | CX198: =IF(CR198="","",SUM(CX184:DA195)) | DB198: =IF(CR198="","",SUM(DB184:DD195)) | DE198: =IF(CR198="","",ROUNDDOWN(CX198/DB198,3)) | DI198: 1/4 | DT198: =IF(DN198="","",ROUNDDOWN(DN198/DQ198,3))
A203: Coupe
H205: Date | N205: Pts | R205: Rep | U205: Moy. | Y205: Série | AC205: Advers. | AJ205: Equipe
U207: =IF(H207="","",ROUNDDOWN(N207/R207,3))
U209: =IF(H209="","",ROUNDDOWN(N209/R209,3))
U211: =IF(H211="","",ROUNDDOWN(N211/R211,3))
U213: =IF(H213="","",ROUNDDOWN(N213/R213,3))
U215: =IF(H215="","",ROUNDDOWN(N215/R215,3))
U217: =IF(H217="","",ROUNDDOWN(N217/R217,3))
N219: =SUM(N207:Q218) -> 0 | U219: =IF(H219="","",ROUNDDOWN(N219/R219,3))
H221: =IF(N219=0,"","Total") | N221: =IF(H221="","",SUM(N207:Q218)) | R221: =IF(H221="","",SUM(R207:T218)) | U221: =IF(H221="","",ROUNDDOWN(N221/R221,3))

Sheet Beck
A1: Beck Johny
H6: Catégorie | Y6: Libre | AO6: Cadre | BF6: 1bande | BW6: 3bandes Match | CM6: 3bandes 1/4match | DD6: 3bandes Match conv.
H8: Pts | L8: Rep | P8: Moy | Y8: =IF(N38="",0,N38)+IF(AD130="",0,AD130)+IF(BF130="",0,BF130)+IF(CX130="",0,CX130) -> 0 | AC8: =IF(R38="",0,R38)+IF(AG130="",0,AG130)+IF(BJ130="",0,BJ130)+IF(DB130="",0,DB130) -> 0 | AG8: =IF(Y8=0,0,ROUNDDOWN(Y8/AC8,3)) -> 0 | AO8: =IF(BF38="",0,BF38)+IF(AC153="",0,AC153)+IF(BF153="",0,BF153) -> 213 | AS8: =IF(BJ38="",0,BJ38)+IF(AG153="",0,AG153)+IF(BJ153="",0,BJ153) -> 94 | AW8: =IF(AO8=0,0,ROUNDDOWN(AO8/AS8,3)) -> 2.265 | BF8: =IF(CX153="",0,CX153)+IF(AC176="",0,AC176) -> 0 | BJ8: =IF(DB153="",0,DB153)+IF(AG176="",0,AG176) -> 0 | BN8: =IF(BF8=0,0,ROUNDDOWN(BF8/BJ8,3)) -> 0 | BW8: =IF(CX38="",0,CX38)+IF(N69="",0,N69)+IF(N199="",0,N199)+IF(BF199="",0,BF199)+IF(CX199="",0,CX199)+IF(BF176="",0,BF176) -> 0 | CA8: =IF(DB38="",0,DB38)+IF(R69="",0,R69)+IF(R199="",0,R199)+IF(BJ199="",0,BJ199)+IF(DB199="",0,DB199)+IF(BJ176="",0,BJ176) -> 0 | CE8: =IF(BW8=0,0,ROUNDDOWN(BW8/CA8,3)) -> 0 | CM8: =IF(BF69="",0,BF69)+IF(AD199="",0,AD199)+IF(BV199="",0,BV199)+IF(DN199="",0,DN199)+IF(CX176="",0,CX176) -> 59 | CQ8: =IF(BJ69="",0,BJ69)+IF(AG199="",0,AG199)+IF(BY199="",0,BY199)+IF(DQ199="",0,DQ199)+IF(DB176="",0,DB176) -> 160 | CU8: =IF(CM8=0,0,ROUNDDOWN(CM8/CQ8,3)) -> 0.368 | DD8: =SUM(BW8+(CM8*0.7)) -> 41.3 | DH8: =SUM(CA8+CQ8) -> 160 | DL8: =IF(DD8=0,0,ROUNDDOWN(DD8/DH8,3)) -> 0.258
A12: Libre | AS12: Cadre | CK12: 3bandes Billard Match
H14: Date | N14: Pts | R14: Rep | U14: Moy. | Y14: Série | AC14: Advers. | AJ14: Equipe | AZ14: Date | BF14: Pts | BJ14: Rep | BM14: Moy. | BQ14: Série | BU14: Advers. | CB14: Equipe | CR14: Date | CX14: Pts | DB14: Rep | DE14: Moy. | DI14: Série | DM14: Advers. | DT14: Equipe
A16: ITC Classique | D16: J 1 | U16: =IF(H16="","",ROUNDDOWN(N16/R16,3)) | AS16: ITC Classique | AV16: J 1 | BM16: =IF(AZ16="","",ROUNDDOWN(BF16/BJ16,3)) | CK16: ITC Classique | CN16: J 1 | DE16: =IF(CR16="","",ROUNDDOWN(CX16/DB16,3))
D18: J 2 | U18: =IF(H18="","",ROUNDDOWN(N18/R18,3)) | AV18: J 2 | BM18: =IF(AZ18="","",ROUNDDOWN(BF18/BJ18,3)) | CN18: J 2 | DE18: =IF(CR18="","",ROUNDDOWN(CX18/DB18,3))
D20: J 3 | U20: =IF(H20="","",ROUNDDOWN(N20/R20,3)) | AV20: J 3 | BM20: =IF(AZ20="","",ROUNDDOWN(BF20/BJ20,3)) | CN20: J 3 | DE20: =IF(CR20="","",ROUNDDOWN(CX20/DB20,3))
D22: J 4 | U22: =IF(H22="","",ROUNDDOWN(N22/R22,3)) | AV22: J 4 | AZ22: 46062 | BF22: 75 | BJ22: 20 | BM22: =IF(AZ22="","",ROUNDDOWN(BF22/BJ22,3)) -> 3.75 | BQ22: 16 | BU22: Drye M. | CB22: DUD1 | CN22: J 4 | DE22: =IF(CR22="","",ROUNDDOWN(CX22/DB22,3))
D24: J 5 | U24: =IF(H24="","",ROUNDDOWN(N24/R24,3)) | AV24: J 5 | BM24: =IF(AZ24="","",ROUNDDOWN(BF24/BJ24,3)) | CN24: J 5 | DE24: =IF(CR24="","",ROUNDDOWN(CX24/DB24,3))
D26: J 6 | U26: =IF(H26="","",ROUNDDOWN(N26/R26,3)) | AV26: J 6 | BM26: =IF(AZ26="","",ROUNDDOWN(BF26/BJ26,3)) | CN26: J 6 | DE26: =IF(CR26="","",ROUNDDOWN(CX26/DB26,3))
D28: J7 | U28: =IF(H28="","",ROUNDDOWN(N28/R28,3)) | AV28: J7 | BM28: =IF(AZ28="","",ROUNDDOWN(BF28/BJ28,3)) | CN28: J7 | DE28: =IF(CR28="","",ROUNDDOWN(CX28/DB28,3))
D30: J8 | U30: =IF(H30="","",ROUNDDOWN(N30/R30,3)) | AV30: J8 | BM30: =IF(AZ30="","",ROUNDDOWN(BF30/BJ30,3)) | CN30: J8 | DE30: =IF(CR30="","",ROUNDDOWN(CX30/DB30,3))
D32: J9 | U32: =IF(H32="","",ROUNDDOWN(N32/R32,3)) | AV32: J9 | BM32: =IF(AZ32="","",ROUNDDOWN(BF32/BJ32,3)) | CN32: J9 | DE32: =IF(CR32="","",ROUNDDOWN(CX32/DB32,3))
D34: J10 | U34: =IF(H34="","",ROUNDDOWN(N34/R34,3)) | AV34: J10 | BM34: =IF(AZ34="","",ROUNDDOWN(BF34/BJ34,3)) | CN34: J10 | DE34: =IF(CR34="","",ROUNDDOWN(CX34/DB34,3))
N36: =SUM(N16:Q35) -> 0 | U36: =IF(H36="","",ROUNDDOWN(N36/R36,3)) | BF36: =SUM(BF16:BI35) -> 75 | BM36: =IF(AZ36="","",ROUNDDOWN(BF36/BJ36,3)) | CX36: =SUM(CX16:DA35) -> 0 | DE36: =IF(CR36="","",ROUNDDOWN(CX36/DB36,3))
H38: =IF(N36=0,"","Total") | N38: =IF(H38="","",SUM(N16:Q35)) | R38: =IF(H38="","",SUM(R16:T35)) | U38: =IF(H38="","",ROUNDDOWN(N38/R38,3)) | AZ38: =IF(BF36=0,"","Total") -> Total | BF38: =IF(AZ38="","",SUM(BF16:BI35)) -> 75 | BJ38: =IF(AZ38="","",SUM(BJ16:BL35)) -> 20 | BM38: =IF(AZ38="","",ROUNDDOWN(BF38/BJ38,3)) -> 3.75 | CR38: =IF(CX36=0,"","Total") | CX38: =IF(CR38="","",SUM(CX16:DA35)) | DB38: =IF(CR38="","",SUM(DB16:DD35)) | DE38: =IF(CR38="","",ROUNDDOWN(CX38/DB38,3))
A43: 3bandes Billard Match | AS43: 3bandes Billard 1/4 match
H45: Date | N45: Pts | R45: Rep | U45: Moy. | Y45: Série | AC45: Advers. | AJ45: Equipe | AZ45: Date | BF45: Pts | BJ45: Rep | BM45: Moy. | BQ45: Série | BU45: Advers. | CB45: Equipe
A47: ITC 3bandes | D47: J 1 | U47: =IF(H47="","",ROUNDDOWN(N47/R47,3)) | AS47: ITC 3bandes | AV47: J 1 | AZ47: 45915 | BF47: 18 | BJ47: 40 | BM47: =IF(AZ47="","",ROUNDDOWN(BF47/BJ47,3)) -> 0.45 | BQ47: 2 | BU47: Biver R. | CB47: DUD2
D49: J 2 | U49: =IF(H49="","",ROUNDDOWN(N49/R49,3)) | AV49: J 2 | AZ49: 45922 | BF49: 10 | BJ49: 40 | BM49: =IF(AZ49="","",ROUNDDOWN(BF49/BJ49,3)) -> 0.25 | BQ49: 2 | BU49: Brüls I. | CB49: DUD2
D51: J 3 | U51: =IF(H51="","",ROUNDDOWN(N51/R51,3)) | AV51: J 3 | AZ51: 45929 | BF51: 16 | BJ51: 40 | BM51: =IF(AZ51="","",ROUNDDOWN(BF51/BJ51,3)) -> 0.4 | BQ51: 5 | BU51: Kihn D. | CB51: DUD2
D53: J 4 | U53: =IF(H53="","",ROUNDDOWN(N53/R53,3)) | AV53: J 4 | BM53: =IF(AZ53="","",ROUNDDOWN(BF53/BJ53,3))
D55: J 5 | U55: =IF(H55="","",ROUNDDOWN(N55/R55,3)) | AV55: J 5 | BM55: =IF(AZ55="","",ROUNDDOWN(BF55/BJ55,3))
D57: J 6 | U57: =IF(H57="","",ROUNDDOWN(N57/R57,3)) | AV57: J 6 | AZ57: 45950 | BF57: 15 | BJ57: 40 | BM57: =IF(AZ57="","",ROUNDDOWN(BF57/BJ57,3)) -> 0.375 | BQ57: 3 | BU57: Pallucca C. | CB57: DUD2
D59: J7 | U59: =IF(H59="","",ROUNDDOWN(N59/R59,3)) | AV59: J7 | BM59: =IF(AZ59="","",ROUNDDOWN(BF59/BJ59,3))
D61: J8 | U61: =IF(H61="","",ROUNDDOWN(N61/R61,3)) | AV61: J8 | BM61: =IF(AZ61="","",ROUNDDOWN(BF61/BJ61,3))
D63: J9 | U63: =IF(H63="","",ROUNDDOWN(N63/R63,3)) | AV63: J9 | BM63: =IF(AZ63="","",ROUNDDOWN(BF63/BJ63,3))
D65: J10 | U65: =IF(H65="","",ROUNDDOWN(N65/R65,3)) | AV65: J10 | BM65: =IF(AZ65="","",ROUNDDOWN(BF65/BJ65,3))
N67: =SUM(N47:Q66) -> 0 | U67: =IF(H67="","",ROUNDDOWN(N67/R67,3)) | BF67: =SUM(BF47:BI66) -> 59 | BM67: =IF(AZ67="","",ROUNDDOWN(BF67/BJ67,3))
H69: =IF(N67=0,"","Total") | N69: =IF(H69="","",SUM(N47:Q66)) | R69: =IF(H69="","",SUM(R47:T66)) | U69: =IF(H69="","",ROUNDDOWN(N69/R69,3)) | AZ69: =IF(BF67=0,"","Total") -> Total | BF69: =IF(AZ69="","",SUM(BF47:BI66)) -> 59 | BJ69: =IF(AZ69="","",SUM(BJ47:BL66)) -> 160 | BM69: =IF(AZ69="","",ROUNDDOWN(BF69/BJ69,3)) -> 0.368
A112: Individuel Libre Match | AS112: Individuel Libre 1/4match | CK112: Individuel Handycap
H114: Date | N114: Pts | R114: Rep | U114: Moy. | Y114: Série | AC114: Advers. | AJ114: Equipe | AZ114: Date | BF114: Pts | BJ114: Rep | BM114: Moy. | BQ114: Série | BU114: Advers. | CB114: Equipe | CR114: Date | CX114: Pts | DB114: Rep | DE114: Moy. | DI114: Série | DM114: Advers. | DT114: Equipe
U116: =IF(H116="","",ROUNDDOWN(N116/R116,3)) | BM116: =IF(AZ116="","",ROUNDDOWN(BF116/BJ116,3)) | DE116: =IF(CR116="","",ROUNDDOWN(CX116/DB116,3))
U118: =IF(H118="","",ROUNDDOWN(N118/R118,3)) | BM118: =IF(AZ118="","",ROUNDDOWN(BF118/BJ118,3)) | DE118: =IF(CR118="","",ROUNDDOWN(CX118/DB118,3))
U120: =IF(H120="","",ROUNDDOWN(N120/R120,3)) | BM120: =IF(AZ120="","",ROUNDDOWN(BF120/BJ120,3)) | DE120: =IF(CR120="","",ROUNDDOWN(CX120/DB120,3))
U122: =IF(H122="","",ROUNDDOWN(N122/R122,3)) | BM122: =IF(AZ122="","",ROUNDDOWN(BF122/BJ122,3)) | DE122: =IF(CR122="","",ROUNDDOWN(CX122/DB122,3))
U124: =IF(H124="","",ROUNDDOWN(N124/R124,3)) | BM124: =IF(AZ124="","",ROUNDDOWN(BF124/BJ124,3)) | DE124: =IF(CR124="","",ROUNDDOWN(CX124/DB124,3))
U126: =IF(H126="","",ROUNDDOWN(N126/R126,3)) | BM126: =IF(AZ126="","",ROUNDDOWN(BF126/BJ126,3)) | DE126: =IF(CR126="","",ROUNDDOWN(CX126/DB126,3))
N128: =SUM(N116:Q127) -> 0 | U128: =IF(H128="","",ROUNDDOWN(N128/R128,3)) | BF128: =SUM(BF116:BI127) -> 0 | BM128: =IF(AZ128="","",ROUNDDOWN(BF128/BJ128,3)) | CX128: =SUM(CX116:DA127) -> 0 | DE128: =IF(CR128="","",ROUNDDOWN(CX128/DB128,3))
H130: =IF(N128=0,"","Total") | N130: =IF(H130="","",SUM(N116:Q127)) | R130: =IF(H130="","",SUM(R116:T127)) | U130: =IF(H130="","",ROUNDDOWN(N130/R130,3)) | Y130: 1/4 | AD130: =IF(N130="","",N130*1.5) | AG130: =R130 | AJ130: =IF(AD130="","",ROUNDDOWN(AD130/AG130,3)) | AZ130: =IF(BF128=0,"","Total") | BF130: =IF(AZ130="","",SUM(BF116:BI127)) | BJ130: =IF(AZ130="","",SUM(BJ116:BL127)) | BM130: =IF(AZ130="","",ROUNDDOWN(BF130/BJ130,3)) | CR130: =IF(CX128=0,"","Total") | CX130: =IF(CR130="","",SUM(CX116:DA127)) | DB130: =IF(CR130="","",SUM(DB116:DD127)) | DE130: =IF(CR130="","",ROUNDDOWN(CX130/DB130,3))
A135: Individuel Cadre 47/2 | AS135: Individuel Cadre 38/2 | CK135: Individuel 1 bande
H137: Date | N137: Pts | R137: Rep | U137: Moy. | Y137: Série | AC137: Advers. | AJ137: Equipe | AS137: 4. | AV137: Cat2 | AZ137: Date | BF137: Pts | BJ137: Rep | BM137: Moy. | BQ137: Série | BU137: Advers. | CB137: Equipe | CR137: Date | CX137: Pts | DB137: Rep | DE137: Moy. | DI137: Série | DM137: Advers. | DT137: Equipe
U139: =IF(H139="","",ROUNDDOWN(N139/R139,3)) | AS139: Pallucca C. | AZ139: 46078 | BF139: 44 | BJ139: 30 | BM139: =IF(AZ139="","",ROUNDDOWN(BF139/BJ139,3)) -> 1.466 | BQ139: 9 | BU139: Biver R. | CB139: Final | DE139: =IF(CR139="","",ROUNDDOWN(CX139/DB139,3))
U141: =IF(H141="","",ROUNDDOWN(N141/R141,3)) | AS141: Comprido J. | AZ141: 46078 | BF141: 46 | BJ141: 25 | BM141: =IF(AZ141="","",ROUNDDOWN(BF141/BJ141,3)) -> 1.84 | BQ141: 11 | BU141: Comprido J. | CB141: Final | DE141: =IF(CR141="","",ROUNDDOWN(CX141/DB141,3))
U143: =IF(H143="","",ROUNDDOWN(N143/R143,3)) | AS143: Biver R. | AZ143: 46086 | BF143: 48 | BJ143: 19 | BM143: =IF(AZ143="","",ROUNDDOWN(BF143/BJ143,3)) -> 2.526 | BQ143: 15 | BU143: Pallucca C. | CB143: Final | DE143: =IF(CR143="","",ROUNDDOWN(CX143/DB143,3))
U145: =IF(H145="","",ROUNDDOWN(N145/R145,3)) | BM145: =IF(AZ145="","",ROUNDDOWN(BF145/BJ145,3)) | DE145: =IF(CR145="","",ROUNDDOWN(CX145/DB145,3))
U147: =IF(H147="","",ROUNDDOWN(N147/R147,3)) | BM147: =IF(AZ147="","",ROUNDDOWN(BF147/BJ147,3)) | DE147: =IF(CR147="","",ROUNDDOWN(CX147/DB147,3))
U149: =IF(H149="","",ROUNDDOWN(N149/R149,3)) | BM149: =IF(AZ149="","",ROUNDDOWN(BF149/BJ149,3)) | DE149: =IF(CR149="","",ROUNDDOWN(CX149/DB149,3))
N151: =SUM(N139:Q150) -> 0 | U151: =IF(H151="","",ROUNDDOWN(N151/R151,3)) | BF151: =SUM(BF139:BI150) -> 138 | BM151: =IF(AZ151="","",ROUNDDOWN(BF151/BJ151,3)) | CX151: =SUM(CX139:DA150) -> 0 | DE151: =IF(CR151="","",ROUNDDOWN(CX151/DB151,3))
H153: =IF(N151=0,"","Total") | N153: =IF(H153="","",SUM(N139:Q150)) | R153: =IF(H153="","",SUM(R139:T150)) | U153: =IF(H153="","",ROUNDDOWN(N153/R153,3)) | Y153: 1/4 | AC153: =IF(N153="","",N153*1.5) | AG153: =R153 | AJ153: =IF(AC153="","",ROUNDDOWN(AC153/AG153,3)) | AZ153: =IF(BF151=0,"","Total") -> Total | BF153: =IF(AZ153="","",SUM(BF139:BI150)) -> 138 | BJ153: =IF(AZ153="","",SUM(BJ139:BL150)) -> 74 | BM153: =IF(AZ153="","",ROUNDDOWN(BF153/BJ153,3)) -> 1.864 | CR153: =IF(CX151=0,"","Total") | CX153: =IF(CR153="","",SUM(CX139:DA150)) | DB153: =IF(CR153="","",SUM(DB139:DD150)) | DE153: =IF(CR153="","",ROUNDDOWN(CX153/DB153,3))
A158: Individuel 1 bande Match | AS158: Individuel 3bandes Match | CK158: Individuel 3bandes 1/4 match
H160: Date | N160: Pts | R160: Rep | U160: Moy. | Y160: Série | AC160: Advers. | AJ160: Equipe | AZ160: Date | BF160: Pts | BJ160: Rep | BM160: Moy. | BQ160: Série | BU160: Advers. | CB160: Equipe | CR160: Date | CX160: Pts | DB160: Rep | DE160: Moy. | DI160: Série | DM160: Advers. | DT160: Equipe
U162: =IF(H162="","",ROUNDDOWN(N162/R162,3)) | BM162: =IF(AZ162="","",ROUNDDOWN(BF162/BJ162,3)) | DE162: =IF(CR162="","",ROUNDDOWN(CX162/DB162,3))
U164: =IF(H164="","",ROUNDDOWN(N164/R164,3)) | BM164: =IF(AZ164="","",ROUNDDOWN(BF164/BJ164,3)) | DE164: =IF(CR164="","",ROUNDDOWN(CX164/DB164,3))
U166: =IF(H166="","",ROUNDDOWN(N166/R166,3)) | BM166: =IF(AZ166="","",ROUNDDOWN(BF166/BJ166,3)) | DE166: =IF(CR166="","",ROUNDDOWN(CX166/DB166,3))
U168: =IF(H168="","",ROUNDDOWN(N168/R168,3)) | BM168: =IF(AZ168="","",ROUNDDOWN(BF168/BJ168,3)) | DE168: =IF(CR168="","",ROUNDDOWN(CX168/DB168,3))
U170: =IF(H170="","",ROUNDDOWN(N170/R170,3)) | BM170: =IF(AZ170="","",ROUNDDOWN(BF170/BJ170,3)) | DE170: =IF(CR170="","",ROUNDDOWN(CX170/DB170,3))
U172: =IF(H172="","",ROUNDDOWN(N172/R172,3)) | BM172: =IF(AZ172="","",ROUNDDOWN(BF172/BJ172,3)) | DE172: =IF(CR172="","",ROUNDDOWN(CX172/DB172,3))
N174: =SUM(N162:Q173) -> 0 | U174: =IF(H174="","",ROUNDDOWN(N174/R174,3)) | BF174: =SUM(BF162:BI173) -> 0 | BM174: =IF(AZ174="","",ROUNDDOWN(BF174/BJ174,3)) | CX174: =SUM(CX162:DA173) -> 0 | DE174: =IF(CR174="","",ROUNDDOWN(CX174/DB174,3))
H176: =IF(N174=0,"","Total") | N176: =IF(H176="","",SUM(N162:Q173)) | R176: =IF(H176="","",SUM(R162:T173)) | U176: =IF(H176="","",ROUNDDOWN(N176/R176,3)) | Y176: 1/4 | AC176: =IF(N176="","",N176*1.5) | AG176: =R176 | AJ176: =IF(AC176="","",ROUNDDOWN(AC176/AG176,3)) | AZ176: =IF(BF174=0,"","Total") | BF176: =IF(AZ176="","",SUM(BF162:BI173)) | BJ176: =IF(AZ176="","",SUM(BJ162:BL173)) | BM176: =IF(AZ176="","",ROUNDDOWN(BF176/BJ176,3)) | CR176: =IF(CX174=0,"","Total") | CX176: =IF(CR176="","",SUM(CX162:DA173)) | DB176: =IF(CR176="","",SUM(DB162:DD173)) | DE176: =IF(CR176="","",ROUNDDOWN(CX176/DB176,3))
A181: 1ier Grand Prix 3bandes | AS181: 2ième Grand Prix 3bandes | CK181: 3ième Grand Prix 3bandes
H183: Date | N183: Pts | R183: Rep | U183: Moy. | Y183: Série | AC183: Advers. | AJ183: Billard | AZ183: Date | BF183: Pts | BJ183: Rep | BM183: Moy. | BQ183: Série | BU183: Advers. | CB183: Billard | CR183: Date | CX183: Pts | DB183: Rep | DE183: Moy. | DI183: Série | DM183: Advers. | DT183: Billard
A185: 1er Grand Prix | U185: =IF(H185="","",ROUNDDOWN(N185/R185,3)) | AS185: 2ième Grand Prix | BM185: =IF(AZ185="","",ROUNDDOWN(BF185/BJ185,3)) | CK185: 3ième Grand Prix | DE185: =IF(CR185="","",ROUNDDOWN(CX185/DB185,3))
U187: =IF(H187="","",ROUNDDOWN(N187/R187,3)) | BM187: =IF(AZ187="","",ROUNDDOWN(BF187/BJ187,3)) | DE187: =IF(CR187="","",ROUNDDOWN(CX187/DB187,3))
U189: =IF(H189="","",ROUNDDOWN(N189/R189,3)) | BM189: =IF(AZ189="","",ROUNDDOWN(BF189/BJ189,3)) | DE189: =IF(CR189="","",ROUNDDOWN(CX189/DB189,3))
U191: =IF(H191="","",ROUNDDOWN(N191/R191,3)) | BM191: =IF(AZ191="","",ROUNDDOWN(BF191/BJ191,3)) | DE191: =IF(CR191="","",ROUNDDOWN(CX191/DB191,3))
U193: =IF(H193="","",ROUNDDOWN(N193/R193,3)) | BM193: =IF(AZ193="","",ROUNDDOWN(BF193/BJ193,3)) | DE193: =IF(CR193="","",ROUNDDOWN(CX193/DB193,3))
U195: =IF(H195="","",ROUNDDOWN(N195/R195,3)) | BM195: =IF(AZ195="","",ROUNDDOWN(BF195/BJ195,3)) | DE195: =IF(CR195="","",ROUNDDOWN(CX195/DB195,3))
N197: =SUM(N185:Q196) -> 0 | U197: =IF(H197="","",ROUNDDOWN(N197/R197,3)) | BF197: =SUM(BF185:BI196) -> 0 | BM197: =IF(AZ197="","",ROUNDDOWN(BF197/BJ197,3)) | CX197: =SUM(CX185:DA196) -> 0 | DE197: =IF(CR197="","",ROUNDDOWN(CX197/DB197,3))
H199: =IF(N197=0,"","Total") | N199: =IF(H199="","",SUM(N185:Q196)) | R199: =IF(H199="","",SUM(R185:T196)) | U199: =IF(H199="","",ROUNDDOWN(N199/R199,3)) | Y199: 1/4 | AJ199: =IF(AD199="","",ROUNDDOWN(AD199/AG199,3)) | AZ199: =IF(BF197=0,"","Total") | BF199: =IF(AZ199="","",SUM(BF185:BI196)) | BJ199: =IF(AZ199="","",SUM(BJ185:BL196)) | BM199: =IF(AZ199="","",ROUNDDOWN(BF199/BJ199,3)) | BQ199: 1/4 | CB199: =IF(BV199="","",ROUNDDOWN(BV199/BY199,3)) | CR199: =IF(CX197=0,"","Total") | CX199: =IF(CR199="","",SUM(CX185:DA196)) | DB199: =IF(CR199="","",SUM(DB185:DD196)) | DE199: =IF(CR199="","",ROUNDDOWN(CX199/DB199,3)) | DI199: 1/4 | DT199: =IF(DN199="","",ROUNDDOWN(DN199/DQ199,3))
A204: Coupe
H206: Date | N206: Pts | R206: Rep | U206: Moy. | Y206: Série | AC206: Advers. | AJ206: Equipe
U208: =IF(H208="","",ROUNDDOWN(N208/R208,3))
U210: =IF(H210="","",ROUNDDOWN(N210/R210,3))
U212: =IF(H212="","",ROUNDDOWN(N212/R212,3))
U214: =IF(H214="","",ROUNDDOWN(N214/R214,3))
U216: =IF(H216="","",ROUNDDOWN(N216/R216,3))
U218: =IF(H218="","",ROUNDDOWN(N218/R218,3))
N220: =SUM(N208:Q219) -> 0 | U220: =IF(H220="","",ROUNDDOWN(N220/R220,3))
H222: =IF(N220=0,"","Total") | N222: =IF(H222="","",SUM(N208:Q219)) | R222: =IF(H222="","",SUM(R208:T219)) | U222: =IF(H222="","",ROUNDDOWN(N222/R222,3))

Sheet Biver
A1: Biver Ralph
H6: Catégorie | Y6: Libre | AO6: Cadre | BF6: 1bande | BW6: 3bandes Match | CM6: 3bandes 1/4match | DD6: 3bandes Match conv.
H8: Pts | L8: Rep | P8: Moy | Y8: =IF(N38="",0,N38)+IF(AD130="",0,AD130)+IF(BF130="",0,BF130)+IF(CX130="",0,CX130) -> 0 | AC8: =IF(R38="",0,R38)+IF(AG130="",0,AG130)+IF(BJ130="",0,BJ130)+IF(DB130="",0,DB130) -> 0 | AG8: =IF(Y8=0,0,ROUNDDOWN(Y8/AC8,3)) -> 0 | AO8: =IF(BF38="",0,BF38)+IF(AC153="",0,AC153)+IF(BF153="",0,BF153) -> 146 | AS8: =IF(BJ38="",0,BJ38)+IF(AG153="",0,AG153)+IF(BJ153="",0,BJ153) -> 77 | AW8: =IF(AO8=0,0,ROUNDDOWN(AO8/AS8,3)) -> 1.896 | BF8: =IF(CX153="",0,CX153)+IF(AC176="",0,AC176) -> 214 | BJ8: =IF(DB153="",0,DB153)+IF(AG176="",0,AG176) -> 131 | BN8: =IF(BF8=0,0,ROUNDDOWN(BF8/BJ8,3)) -> 1.633 | BW8: =IF(CX38="",0,CX38)+IF(N69="",0,N69)+IF(N199="",0,N199)+IF(BF199="",0,BF199)+IF(CX199="",0,CX199)+IF(BF176="",0,BF176) -> 271 | CA8: =IF(DB38="",0,DB38)+IF(R69="",0,R69)+IF(R199="",0,R199)+IF(BJ199="",0,BJ199)+IF(DB199="",0,DB199)+IF(BJ176="",0,BJ176) -> 743 | CE8: =IF(BW8=0,0,ROUNDDOWN(BW8/CA8,3)) -> 0.364 | CM8: =IF(BF69="",0,BF69)+IF(AD199="",0,AD199)+IF(BV199="",0,BV199)+IF(DN199="",0,DN199)+IF(CX176="",0,CX176) -> 231 | CQ8: =IF(BJ69="",0,BJ69)+IF(AG199="",0,AG199)+IF(BY199="",0,BY199)+IF(DQ199="",0,DQ199)+IF(DB176="",0,DB176) -> 371 | CU8: =IF(CM8=0,0,ROUNDDOWN(CM8/CQ8,3)) -> 0.622 | DD8: =SUM(BW8+(CM8*0.7)) -> 432.7 | DH8: =SUM(CA8+CQ8) -> 1114 | DL8: =IF(DD8=0,0,ROUNDDOWN(DD8/DH8,3)) -> 0.388
A12: Libre | AS12: Cadre | CK12: 3bandes Billard Match
H14: Date | N14: Pts | R14: Rep | U14: Moy. | Y14: Série | AC14: Advers. | AJ14: Equipe | AZ14: Date | BF14: Pts | BJ14: Rep | BM14: Moy. | BQ14: Série | BU14: Advers. | CB14: Equipe | CR14: Date | CX14: Pts | DB14: Rep | DE14: Moy. | DI14: Série | DM14: Advers. | DT14: Equipe
A16: ITC Classique | D16: J 1 | U16: =IF(H16="","",ROUNDDOWN(N16/R16,3)) | AS16: ITC Classique | AV16: J 1 | BM16: =IF(AZ16="","",ROUNDDOWN(BF16/BJ16,3)) | CK16: ITC Classique | CN16: J 1 | CR16: 46041 | CX16: 22 | DB16: 40 | DE16: =IF(CR16="","",ROUNDDOWN(CX16/DB16,3)) -> 0.55 | DI16: 4 | DM16: Borneque F. | DT16: DUD1
D18: J 2 | U18: =IF(H18="","",ROUNDDOWN(N18/R18,3)) | AV18: J 2 | BM18: =IF(AZ18="","",ROUNDDOWN(BF18/BJ18,3)) | CN18: J 2 | CR18: 46048 | CX18: 7 | DB18: 40 | DE18: =IF(CR18="","",ROUNDDOWN(CX18/DB18,3)) -> 0.175 | DI18: 3 | DM18: Dal Cortivo P. | DT18: DUD1
D20: J 3 | U20: =IF(H20="","",ROUNDDOWN(N20/R20,3)) | AV20: J 3 | BM20: =IF(AZ20="","",ROUNDDOWN(BF20/BJ20,3)) | CN20: J 3 | CR20: 46055 | CX20: 15 | DB20: 40 | DE20: =IF(CR20="","",ROUNDDOWN(CX20/DB20,3)) -> 0.375 | DI20: 4 | DM20: Tempelers B. | DT20: DUD1
D22: J 4 | U22: =IF(H22="","",ROUNDDOWN(N22/R22,3)) | AV22: J 4 | BM22: =IF(AZ22="","",ROUNDDOWN(BF22/BJ22,3)) | CN22: J 4 | CR22: 46062 | CX22: 8 | DB22: 40 | DE22: =IF(CR22="","",ROUNDDOWN(CX22/DB22,3)) -> 0.2 | DI22: 2 | DM22: Lejeune F. | DT22: DUD1
D24: J 5 | U24: =IF(H24="","",ROUNDDOWN(N24/R24,3)) | AV24: J 5 | BM24: =IF(AZ24="","",ROUNDDOWN(BF24/BJ24,3)) | CN24: J 5 | CR24: 46076 | CX24: 12 | DB24: 40 | DE24: =IF(CR24="","",ROUNDDOWN(CX24/DB24,3)) -> 0.3 | DI24: 3 | DM24: Ribeiro A. | DT24: DUD1
D26: J 6 | U26: =IF(H26="","",ROUNDDOWN(N26/R26,3)) | AV26: J 6 | BM26: =IF(AZ26="","",ROUNDDOWN(BF26/BJ26,3)) | CN26: J 6 | CR26: 46083 | CX26: 28 | DB26: 40 | DE26: =IF(CR26="","",ROUNDDOWN(CX26/DB26,3)) -> 0.7 | DI26: 3 | DM26: Schintgen D. | DT26: DUD1
D28: J7 | U28: =IF(H28="","",ROUNDDOWN(N28/R28,3)) | AV28: J7 | BM28: =IF(AZ28="","",ROUNDDOWN(BF28/BJ28,3)) | CN28: J7 | DE28: =IF(CR28="","",ROUNDDOWN(CX28/DB28,3))
D30: J8 | U30: =IF(H30="","",ROUNDDOWN(N30/R30,3)) | AV30: J8 | BM30: =IF(AZ30="","",ROUNDDOWN(BF30/BJ30,3)) | CN30: J8 | DE30: =IF(CR30="","",ROUNDDOWN(CX30/DB30,3))
D32: J9 | U32: =IF(H32="","",ROUNDDOWN(N32/R32,3)) | AV32: J9 | BM32: =IF(AZ32="","",ROUNDDOWN(BF32/BJ32,3)) | CN32: J9 | DE32: =IF(CR32="","",ROUNDDOWN(CX32/DB32,3))
D34: J10 | U34: =IF(H34="","",ROUNDDOWN(N34/R34,3)) | AV34: J10 | BM34: =IF(AZ34="","",ROUNDDOWN(BF34/BJ34,3)) | CN34: J10 | DE34: =IF(CR34="","",ROUNDDOWN(CX34/DB34,3))
N36: =SUM(N16:Q35) -> 0 | U36: =IF(H36="","",ROUNDDOWN(N36/R36,3)) | BF36: =SUM(BF16:BI35) -> 0 | BM36: =IF(AZ36="","",ROUNDDOWN(BF36/BJ36,3)) | CX36: =SUM(CX16:DA35) -> 92 | DE36: =IF(CR36="","",ROUNDDOWN(CX36/DB36,3))
H38: =IF(N36=0,"","Total") | N38: =IF(H38="","",SUM(N16:Q35)) | R38: =IF(H38="","",SUM(R16:T35)) | U38: =IF(H38="","",ROUNDDOWN(N38/R38,3)) | AZ38: =IF(BF36=0,"","Total") | BF38: =IF(AZ38="","",SUM(BF16:BI35)) | BJ38: =IF(AZ38="","",SUM(BJ16:BL35)) | BM38: =IF(AZ38="","",ROUNDDOWN(BF38/BJ38,3)) | CR38: =IF(CX36=0,"","Total") -> Total | CX38: =IF(CR38="","",SUM(CX16:DA35)) -> 92 | DB38: =IF(CR38="","",SUM(DB16:DD35)) -> 240 | DE38: =IF(CR38="","",ROUNDDOWN(CX38/DB38,3)) -> 0.383
A43: 3bandes Billard Match | AS43: 3bandes Billard 1/4 match
H45: Date | N45: Pts | R45: Rep | U45: Moy. | Y45: Série | AC45: Advers. | AJ45: Equipe | AZ45: Date | BF45: Pts | BJ45: Rep | BM45: Moy. | BQ45: Série | BU45: Advers. | CB45: Equipe
A47: ITC 3bandes | D47: J 1 | U47: =IF(H47="","",ROUNDDOWN(N47/R47,3)) | AS47: ITC 3bandes | AV47: J 1 | AZ47: 45915 | BF47: 13 | BJ47: 40 | BM47: =IF(AZ47="","",ROUNDDOWN(BF47/BJ47,3)) -> 0.325 | BQ47: 2 | BU47: Beck J. | CB47: DUD1
D49: J 2 | U49: =IF(H49="","",ROUNDDOWN(N49/R49,3)) | AV49: J 2 | AZ49: 45922 | BF49: 30 | BJ49: 38 | BM49: =IF(AZ49="","",ROUNDDOWN(BF49/BJ49,3)) -> 0.789 | BQ49: 3 | BU49: Jeronimo J. | CB49: DUD1
D51: J 3 | U51: =IF(H51="","",ROUNDDOWN(N51/R51,3)) | AV51: J 3 | AZ51: 45929 | BF51: 21 | BJ51: 40 | BM51: =IF(AZ51="","",ROUNDDOWN(BF51/BJ51,3)) -> 0.525 | BQ51: 3 | BU51: Muller C. | CB51: DUD1
D53: J 4 | U53: =IF(H53="","",ROUNDDOWN(N53/R53,3)) | AV53: J 4 | AZ53: 45936 | BF53: 30 | BJ53: 40 | BM53: =IF(AZ53="","",ROUNDDOWN(BF53/BJ53,3)) -> 0.75 | BQ53: 6 | BU53: Cordero Ch. | CB53: DUD1
D55: J 5 | U55: =IF(H55="","",ROUNDDOWN(N55/R55,3)) | AV55: J 5 | AZ55: 45943 | BF55: 21 | BJ55: 40 | BM55: =IF(AZ55="","",ROUNDDOWN(BF55/BJ55,3)) -> 0.525 | BQ55: 6 | BU55: Gül A. | CB55: DUD1
D57: J 6 | H57: 45950 | N57: 13 | R57: 40 | U57: =IF(H57="","",ROUNDDOWN(N57/R57,3)) -> 0.325 | Y57: 3 | AC57: De Matos R. | AJ57: DUD1 | AV57: J 6 | BM57: =IF(AZ57="","",ROUNDDOWN(BF57/BJ57,3))
D59: J7 | H59: 45957 | N59: 14 | R59: 40 | U59: =IF(H59="","",ROUNDDOWN(N59/R59,3)) -> 0.35 | Y59: 4 | AC59: Schreiner M. | AJ59: DUD1 | AV59: J7 | BM59: =IF(AZ59="","",ROUNDDOWN(BF59/BJ59,3))
D61: J8 | H61: 45971 | N61: 16 | R61: 40 | U61: =IF(H61="","",ROUNDDOWN(N61/R61,3)) -> 0.4 | Y61: 4 | AC61: Guidez L. | AJ61: DUD1 | AV61: J8 | BM61: =IF(AZ61="","",ROUNDDOWN(BF61/BJ61,3))
D63: J9 | H63: 45978 | N63: 13 | R63: 39 | U63: =IF(H63="","",ROUNDDOWN(N63/R63,3)) -> 0.333 | Y63: 3 | AC63: Lejeune F. | AJ63: DUD1 | AV63: J9 | BM63: =IF(AZ63="","",ROUNDDOWN(BF63/BJ63,3))
D65: J10 | H65: 45992 | N65: 15 | R65: 40 | U65: =IF(H65="","",ROUNDDOWN(N65/R65,3)) -> 0.375 | Y65: 3 | AC65: Engel G. | AJ65: DUD1 | AV65: J10 | BM65: =IF(AZ65="","",ROUNDDOWN(BF65/BJ65,3))
N67: =SUM(N47:Q66) -> 71 | U67: =IF(H67="","",ROUNDDOWN(N67/R67,3)) | BF67: =SUM(BF47:BI66) -> 115 | BM67: =IF(AZ67="","",ROUNDDOWN(BF67/BJ67,3))
H69: =IF(N67=0,"","Total") -> Total | N69: =IF(H69="","",SUM(N47:Q66)) -> 71 | R69: =IF(H69="","",SUM(R47:T66)) -> 199 | U69: =IF(H69="","",ROUNDDOWN(N69/R69,3)) -> 0.356 | AZ69: =IF(BF67=0,"","Total") -> Total | BF69: =IF(AZ69="","",SUM(BF47:BI66)) -> 115 | BJ69: =IF(AZ69="","",SUM(BJ47:BL66)) -> 198 | BM69: =IF(AZ69="","",ROUNDDOWN(BF69/BJ69,3)) -> 0.58
A112: Individuel Libre Match | AS112: Individuel Libre 1/4match | CK112: Individuel Handycap
H114: Date | N114: Pts | R114: Rep | U114: Moy. | Y114: Série | AC114: Advers. | AJ114: Equipe | AZ114: Date | BF114: Pts | BJ114: Rep | BM114: Moy. | BQ114: Série | BU114: Advers. | CB114: Equipe | CR114: Date | CX114: Pts | DB114: Rep | DE114: Moy. | DI114: Série | DM114: Advers. | DT114: Equipe
U116: =IF(H116="","",ROUNDDOWN(N116/R116,3)) | BM116: =IF(AZ116="","",ROUNDDOWN(BF116/BJ116,3)) | DE116: =IF(CR116="","",ROUNDDOWN(CX116/DB116,3))
U118: =IF(H118="","",ROUNDDOWN(N118/R118,3)) | BM118: =IF(AZ118="","",ROUNDDOWN(BF118/BJ118,3)) | DE118: =IF(CR118="","",ROUNDDOWN(CX118/DB118,3))
U120: =IF(H120="","",ROUNDDOWN(N120/R120,3)) | BM120: =IF(AZ120="","",ROUNDDOWN(BF120/BJ120,3)) | DE120: =IF(CR120="","",ROUNDDOWN(CX120/DB120,3))
U122: =IF(H122="","",ROUNDDOWN(N122/R122,3)) | BM122: =IF(AZ122="","",ROUNDDOWN(BF122/BJ122,3)) | DE122: =IF(CR122="","",ROUNDDOWN(CX122/DB122,3))
U124: =IF(H124="","",ROUNDDOWN(N124/R124,3)) | BM124: =IF(AZ124="","",ROUNDDOWN(BF124/BJ124,3)) | DE124: =IF(CR124="","",ROUNDDOWN(CX124/DB124,3))
U126: =IF(H126="","",ROUNDDOWN(N126/R126,3)) | BM126: =IF(AZ126="","",ROUNDDOWN(BF126/BJ126,3)) | DE126: =IF(CR126="","",ROUNDDOWN(CX126/DB126,3))
N128: =SUM(N116:Q127) -> 0 | U128: =IF(H128="","",ROUNDDOWN(N128/R128,3)) | BF128: =SUM(BF116:BI127) -> 0 | BM128: =IF(AZ128="","",ROUNDDOWN(BF128/BJ128,3)) | CX128: =SUM(CX116:DA127) -> 0 | DE128: =IF(CR128="","",ROUNDDOWN(CX128/DB128,3))
H130: =IF(N128=0,"","Total") | N130: =IF(H130="","",SUM(N116:Q127)) | R130: =IF(H130="","",SUM(R116:T127)) | U130: =IF(H130="","",ROUNDDOWN(N130/R130,3)) | Y130: 1/4 | AD130: =IF(N130="","",N130*1.5) | AG130: =R130 | AJ130: =IF(AD130="","",ROUNDDOWN(AD130/AG130,3)) | AZ130: =IF(BF128=0,"","Total") | BF130: =IF(AZ130="","",SUM(BF116:BI127)) | BJ130: =IF(AZ130="","",SUM(BJ116:BL127)) | BM130: =IF(AZ130="","",ROUNDDOWN(BF130/BJ130,3)) | CR130: =IF(CX128=0,"","Total") | CX130: =IF(CR130="","",SUM(CX116:DA127)) | DB130: =IF(CR130="","",SUM(DB116:DD127)) | DE130: =IF(CR130="","",ROUNDDOWN(CX130/DB130,3))
A135: Individuel Cadre 47/2 | AS135: Individuel Cadre 38/2 | CK135: Individuel 1 bande
H137: Date | N137: Pts | R137: Rep | U137: Moy. | Y137: Série | AC137: Advers. | AJ137: Equipe | AS137: 3. | AV137: Cat2 | AZ137: Date | BF137: Pts | BJ137: Rep | BM137: Moy. | BQ137: Série | BU137: Advers. | CB137: Equipe | CK137: 2. | CN137: Cat1 | CR137: Date | CX137: Pts | DB137: Rep | DE137: Moy. | DI137: Série | DM137: Advers. | DT137: Equipe
U139: =IF(H139="","",ROUNDDOWN(N139/R139,3)) | AS139: Pallucca C. | AZ139: 46078 | BF139: 51 | BJ139: 30 | BM139: =IF(AZ139="","",ROUNDDOWN(BF139/BJ139,3)) -> 1.7 | BQ139: 7 | BU139: Beck J. | CB139: Final | CK139: Pallucca C. | CR139: 45993 | CX139: 25 | DB139: 20 | DE139: =IF(CR139="","",ROUNDDOWN(CX139/DB139,3)) -> 1.25 | DI139: 8 | DM139: Soares A. | DT139: Quali
U141: =IF(H141="","",ROUNDDOWN(N141/R141,3)) | AS141: Comprido J. | AZ141: 46078 | BF141: 56 | BJ141: 21 | BM141: =IF(AZ141="","",ROUNDDOWN(BF141/BJ141,3)) -> 2.666 | BQ141: 13 | BU141: Comprido J. | CB141: Final | CK141: Biver R. | CR141: 45993 | CX141: 50 | DB141: 24 | DE141: =IF(CR141="","",ROUNDDOWN(CX141/DB141,3)) -> 2.083 | DI141: 7 | DM141: Dal Cortivo P. | DT141: Quali
U143: =IF(H143="","",ROUNDDOWN(N143/R143,3)) | AS143: Biver R. | AZ143: 46084 | BF143: 39 | BJ143: 26 | BM143: =IF(AZ143="","",ROUNDDOWN(BF143/BJ143,3)) -> 1.5 | BQ143: 6 | BU143: Pallucca C. | CB143: Final | CK143: Soares A. | CR143: 45999 | CX143: 46 | DB143: 28 | DE143: =IF(CR143="","",ROUNDDOWN(CX143/DB143,3)) -> 1.642 | DI143: 7 | DM143: Pallucca C. | DT143: Finale
U145: =IF(H145="","",ROUNDDOWN(N145/R145,3)) | BM145: =IF(AZ145="","",ROUNDDOWN(BF145/BJ145,3)) | CR145: 46001 | CX145: 43 | DB145: 30 | DE145: =IF(CR145="","",ROUNDDOWN(CX145/DB145,3)) -> 1.433 | DI145: 5 | DM145: Soares A. | DT145: Finale
U147: =IF(H147="","",ROUNDDOWN(N147/R147,3)) | BM147: =IF(AZ147="","",ROUNDDOWN(BF147/BJ147,3)) | CR147: 46002 | CX147: 50 | DB147: 29 | DE147: =IF(CR147="","",ROUNDDOWN(CX147/DB147,3)) -> 1.724 | DI147: 7 | DM147: Schintgen D. | DT147: Finale
U149: =IF(H149="","",ROUNDDOWN(N149/R149,3)) | BM149: =IF(AZ149="","",ROUNDDOWN(BF149/BJ149,3)) | DE149: =IF(CR149="","",ROUNDDOWN(CX149/DB149,3))
N151: =SUM(N139:Q150) -> 0 | U151: =IF(H151="","",ROUNDDOWN(N151/R151,3)) | BF151: =SUM(BF139:BI150) -> 146 | BM151: =IF(AZ151="","",ROUNDDOWN(BF151/BJ151,3)) | CX151: =SUM(CX139:DA150) -> 214 | DE151: =IF(CR151="","",ROUNDDOWN(CX151/DB151,3))
H153: =IF(N151=0,"","Total") | N153: =IF(H153="","",SUM(N139:Q150)) | R153: =IF(H153="","",SUM(R139:T150)) | U153: =IF(H153="","",ROUNDDOWN(N153/R153,3)) | Y153: 1/4 | AC153: =IF(N153="","",N153*1.5) | AG153: =R153 | AJ153: =IF(AC153="","",ROUNDDOWN(AC153/AG153,3)) | AZ153: =IF(BF151=0,"","Total") -> Total | BF153: =IF(AZ153="","",SUM(BF139:BI150)) -> 146 | BJ153: =IF(AZ153="","",SUM(BJ139:BL150)) -> 77 | BM153: =IF(AZ153="","",ROUNDDOWN(BF153/BJ153,3)) -> 1.896 | CR153: =IF(CX151=0,"","Total") -> Total | CX153: =IF(CR153="","",SUM(CX139:DA150)) -> 214 | DB153: =IF(CR153="","",SUM(DB139:DD150)) -> 131 | DE153: =IF(CR153="","",ROUNDDOWN(CX153/DB153,3)) -> 1.633
A158: Individuel 1 bande Match | AS158: Individuel 3bandes Match | CK158: Individuel 3bandes 1/4 match
H160: Date | N160: Pts | R160: Rep | U160: Moy. | Y160: Série | AC160: Advers. | AJ160: Equipe | AS160: 6. | AV160: Nat | AZ160: Date | BF160: Pts | BJ160: Rep | BM160: Moy. | BQ160: Série | BU160: Advers. | CB160: Equipe | CK160: 2. | CN160: NAT | CR160: Date | CX160: Pts | DB160: Rep | DE160: Moy. | DI160: Série | DM160: Advers. | DT160: Equipe
U162: =IF(H162="","",ROUNDDOWN(N162/R162,3)) | AS162: Tempelers B. | AZ162: 45975 | BF162: 16 | BJ162: 40 | BM162: =IF(AZ162="","",ROUNDDOWN(BF162/BJ162,3)) -> 0.4 | BQ162: 3 | BU162: Drye M. | CB162: Quali | CK162: Tempelers B. | CR162: 45932 | CX162: 21 | DB162: 40 | DE162: =IF(CR162="","",ROUNDDOWN(CX162/DB162,3)) -> 0.525 | DI162: 3 | DM162: Pallucca C. | DT162: Quali
U164: =IF(H164="","",ROUNDDOWN(N164/R164,3)) | AS164: Guidez L. | AZ164: 45975 | BF164: 5 | BJ164: 37 | BM164: =IF(AZ164="","",ROUNDDOWN(BF164/BJ164,3)) -> 0.135 | BQ164: 2 | BU164: Tempelers B. | CB164: Quali | CK164: Biver R. | CR164: 45934 | CX164: 30 | DB164: 39 | DE164: =IF(CR164="","",ROUNDDOWN(CX164/DB164,3)) -> 0.769 | DI164: 5 | DM164: Cordero Ch. | DT164: 1/2F
U166: =IF(H166="","",ROUNDDOWN(N166/R166,3)) | AS166: Hamm R. | BM166: =IF(AZ166="","",ROUNDDOWN(BF166/BJ166,3)) | CK166: Pallucca C. | CR166: 45934 | CX166: 25 | DB166: 38 | DE166: =IF(CR166="","",ROUNDDOWN(CX166/DB166,3)) -> 0.657 | DI166: 5 | DM166: Tempelers B. | DT166: Finale
U168: =IF(H168="","",ROUNDDOWN(N168/R168,3)) | AS168: Drye M. | BM168: =IF(AZ168="","",ROUNDDOWN(BF168/BJ168,3)) | CK168: Cordero Ch. | DE168: =IF(CR168="","",ROUNDDOWN(CX168/DB168,3))
U170: =IF(H170="","",ROUNDDOWN(N170/R170,3)) | BM170: =IF(AZ170="","",ROUNDDOWN(BF170/BJ170,3)) | DE170: =IF(CR170="","",ROUNDDOWN(CX170/DB170,3))
U172: =IF(H172="","",ROUNDDOWN(N172/R172,3)) | BM172: =IF(AZ172="","",ROUNDDOWN(BF172/BJ172,3)) | DE172: =IF(CR172="","",ROUNDDOWN(CX172/DB172,3))
N174: =SUM(N162:Q173) -> 0 | U174: =IF(H174="","",ROUNDDOWN(N174/R174,3)) | BF174: =SUM(BF162:BI173) -> 21 | BM174: =IF(AZ174="","",ROUNDDOWN(BF174/BJ174,3)) | CX174: =SUM(CX162:DA173) -> 76 | DE174: =IF(CR174="","",ROUNDDOWN(CX174/DB174,3))
H176: =IF(N174=0,"","Total") | N176: =IF(H176="","",SUM(N162:Q173)) | R176: =IF(H176="","",SUM(R162:T173)) | U176: =IF(H176="","",ROUNDDOWN(N176/R176,3)) | Y176: 1/4 | AC176: =IF(N176="","",N176*1.5) | AG176: =R176 | AJ176: =IF(AC176="","",ROUNDDOWN(AC176/AG176,3)) | AZ176: =IF(BF174=0,"","Total") -> Total | BF176: =IF(AZ176="","",SUM(BF162:BI173)) -> 21 | BJ176: =IF(AZ176="","",SUM(BJ162:BL173)) -> 77 | BM176: =IF(AZ176="","",ROUNDDOWN(BF176/BJ176,3)) -> 0.272 | CR176: =IF(CX174=0,"","Total") -> Total | CX176: =IF(CR176="","",SUM(CX162:DA173)) -> 76 | DB176: =IF(CR176="","",SUM(DB162:DD173)) -> 117 | DE176: =IF(CR176="","",ROUNDDOWN(CX176/DB176,3)) -> 0.649
A181: 1ier Grand Prix 3bandes | AS181: 2ième Grand Prix 3bandes | CK181: 3ième Grand Prix 3bandes
A183: 3. | D183: 1er GP | H183: Date | N183: Pts | R183: Rep | U183: Moy. | Y183: Série | AC183: Advers. | AJ183: Billard | AS183: 1. | AV183: 2e GP | AZ183: Date | BF183: Pts | BJ183: Rep | BM183: Moy. | BQ183: Série | BU183: Advers. | CB183: Billard | CR183: Date | CX183: Pts | DB183: Rep | DE183: Moy. | DI183: Série | DM183: Advers. | DT183: Billard
A185: 1er Grand Prix | H185: 45983 | N185: 19 | R185: 58 | U185: =IF(H185="","",ROUNDDOWN(N185/R185,3)) -> 0.327 | AC185: Soares A. | AJ185: M | AS185: 2ième Grand Prix | AZ185: 46032 | BF185: 19 | BJ185: 69 | BM185: =IF(AZ185="","",ROUNDDOWN(BF185/BJ185,3)) -> 0.275 | BU185: Pallucca C. | CB185: M. | CK185: 3ième Grand Prix | DE185: =IF(CR185="","",ROUNDDOWN(CX185/DB185,3))
A187: Tempelers B. | H187: 45985 | N187: 20 | R187: 33 | U187: =IF(H187="","",ROUNDDOWN(N187/R187,3)) -> 0.606 | AC187: Pallucca C. | AJ187: 1/4m | AS187: Biver R. | AZ187: 46034 | BF187: 29 | BJ187: 64 | BM187: =IF(AZ187="","",ROUNDDOWN(BF187/BJ187,3)) -> 0.453 | BU187: Pereira D. | CB187: M. | DE187: =IF(CR187="","",ROUNDDOWN(CX187/DB187,3))
A189: Pereira D. | H189: 45986 | N189: 20 | R189: 23 | U189: =IF(H189="","",ROUNDDOWN(N189/R189,3)) -> 0.869 | AC189: Soares A. | AJ189: 1/4m | AS189: Soares A. | AZ189: 46035 | BF189: 20 | BJ189: 36 | BM189: =IF(AZ189="","",ROUNDDOWN(BF189/BJ189,3)) -> 0.555 | BU189: Soares A. | CB189: M. | DE189: =IF(CR189="","",ROUNDDOWN(CX189/DB189,3))
A191: Biver R. | U191: =IF(H191="","",ROUNDDOWN(N191/R191,3)) | AS191: Pereira D. | BM191: =IF(AZ191="","",ROUNDDOWN(BF191/BJ191,3)) | DE191: =IF(CR191="","",ROUNDDOWN(CX191/DB191,3))
U193: =IF(H193="","",ROUNDDOWN(N193/R193,3)) | BM193: =IF(AZ193="","",ROUNDDOWN(BF193/BJ193,3)) | DE193: =IF(CR193="","",ROUNDDOWN(CX193/DB193,3))
U195: =IF(H195="","",ROUNDDOWN(N195/R195,3)) | BM195: =IF(AZ195="","",ROUNDDOWN(BF195/BJ195,3)) | DE195: =IF(CR195="","",ROUNDDOWN(CX195/DB195,3))
N197: =SUM(N185:Q196) -> 59 | U197: =IF(H197="","",ROUNDDOWN(N197/R197,3)) | BF197: =SUM(BF185:BI196) -> 68 | BM197: =IF(AZ197="","",ROUNDDOWN(BF197/BJ197,3)) | CX197: =SUM(CX185:DA196) -> 0 | DE197: =IF(CR197="","",ROUNDDOWN(CX197/DB197,3))
H199: =IF(N197=0,"","Total") -> Total | N199: =IF(H199="","",SUM(N185)) -> 19 | R199: =IF(H199="","",SUM(R185)) -> 58 | U199: =IF(H199="","",ROUNDDOWN(N199/R199,3)) -> 0.327 | Y199: 1/4 | AD199: =N187+N189 -> 40 | AG199: =R187+R189 -> 56 | AJ199: =IF(AD199="","",ROUNDDOWN(AD199/AG199,3)) -> 0.714 | AZ199: =IF(BF197=0,"","Total") -> Total | BF199: =IF(AZ199="","",SUM(BF185:BI196)) -> 68 | BJ199: =IF(AZ199="","",SUM(BJ185:BL196)) -> 169 | BM199: =IF(AZ199="","",ROUNDDOWN(BF199/BJ199,3)) -> 0.402 | BQ199: 1/4 | CB199: =IF(BV199="","",ROUNDDOWN(BV199/BY199,3)) | CR199: =IF(CX197=0,"","Total") | CX199: =IF(CR199="","",SUM(CX185:DA196)) | DB199: =IF(CR199="","",SUM(DB185:DD196)) | DE199: =IF(CR199="","",ROUNDDOWN(CX199/DB199,3)) | DI199: 1/4 | DT199: =IF(DN199="","",ROUNDDOWN(DN199/DQ199,3))
A204: Coupe
H206: Date | N206: Pts | R206: Rep | U206: Moy. | Y206: Série | AC206: Advers. | AJ206: Equipe
U208: =IF(H208="","",ROUNDDOWN(N208/R208,3))
U210: =IF(H210="","",ROUNDDOWN(N210/R210,3))
U212: =IF(H212="","",ROUNDDOWN(N212/R212,3))
U214: =IF(H214="","",ROUNDDOWN(N214/R214,3))
U216: =IF(H216="","",ROUNDDOWN(N216/R216,3))
U218: =IF(H218="","",ROUNDDOWN(N218/R218,3))
N220: =SUM(N208:Q219) -> 0 | U220: =IF(H220="","",ROUNDDOWN(N220/R220,3))
H222: =IF(N220=0,"","Total") | N222: =IF(H222="","",SUM(N208:Q219)) | R222: =IF(H222="","",SUM(R208:T219)) | U222: =IF(H222="","",ROUNDDOWN(N222/R222,3))

Sheet Bollini H.
A1: Bollini Hugues
H6: Catégorie | Y6: Libre | AO6: Cadre | BF6: 1bande | BW6: 3bandes Match | CM6: 3bandes 1/4match | DD6: 3bandes Match conv.
H8: Pts | L8: Rep | P8: Moy | Y8: =IF(N38="",0,N38)+IF(AD130="",0,AD130)+IF(BF130="",0,BF130)+IF(CX130="",0,CX130) -> 87 | AC8: =IF(R38="",0,R38)+IF(AG130="",0,AG130)+IF(BJ130="",0,BJ130)+IF(DB130="",0,DB130) -> 80 | AG8: =IF(Y8=0,0,ROUNDDOWN(Y8/AC8,3)) -> 1.087 | AO8: =IF(BF38="",0,BF38)+IF(AC153="",0,AC153)+IF(BF153="",0,BF153) -> 0 | AS8: =IF(BJ38="",0,BJ38)+IF(AG153="",0,AG153)+IF(BJ153="",0,BJ153) -> 0 | AW8: =IF(AO8=0,0,ROUNDDOWN(AO8/AS8,3)) -> 0 | BF8: =IF(CX153="",0,CX153)+IF(AC176="",0,AC176) -> 0 | BJ8: =IF(DB153="",0,DB153)+IF(AG176="",0,AG176) -> 0 | BN8: =IF(BF8=0,0,ROUNDDOWN(BF8/BJ8,3)) -> 0 | BW8: =IF(CX38="",0,CX38)+IF(N69="",0,N69)+IF(N199="",0,N199)+IF(BF199="",0,BF199)+IF(CX199="",0,CX199)+IF(BF176="",0,BF176) -> 0 | CA8: =IF(DB38="",0,DB38)+IF(R69="",0,R69)+IF(R199="",0,R199)+IF(BJ199="",0,BJ199)+IF(DB199="",0,DB199)+IF(BJ176="",0,BJ176) -> 0 | CE8: =IF(BW8=0,0,ROUNDDOWN(BW8/CA8,3)) -> 0 | CM8: =IF(BF69="",0,BF69)+IF(AD199="",0,AD199)+IF(BV199="",0,BV199)+IF(DN199="",0,DN199)+IF(CX176="",0,CX176) -> 0 | CQ8: =IF(BJ69="",0,BJ69)+IF(AG199="",0,AG199)+IF(BY199="",0,BY199)+IF(DQ199="",0,DQ199)+IF(DB176="",0,DB176) -> 0 | CU8: =IF(CM8=0,0,ROUNDDOWN(CM8/CQ8,3)) -> 0 | DD8: =SUM(BW8+(CM8*0.7)) -> 0 | DH8: =SUM(CA8+CQ8) -> 0 | DL8: =IF(DD8=0,0,ROUNDDOWN(DD8/DH8,3)) -> 0
A12: Libre | AS12: Cadre | CK12: 3bandes Billard Match
H14: Date | N14: Pts | R14: Rep | U14: Moy. | Y14: Série | AC14: Advers. | AJ14: Equipe | AZ14: Date | BF14: Pts | BJ14: Rep | BM14: Moy. | BQ14: Série | BU14: Advers. | CB14: Equipe | CR14: Date | CX14: Pts | DB14: Rep | DE14: Moy. | DI14: Série | DM14: Advers. | DT14: Equipe
A16: ITC Classique | D16: J 1 | U16: =IF(H16="","",ROUNDDOWN(N16/R16,3)) | AS16: ITC Classique | AV16: J 1 | BM16: =IF(AZ16="","",ROUNDDOWN(BF16/BJ16,3)) | CK16: ITC Classique | CN16: J 1 | DE16: =IF(CR16="","",ROUNDDOWN(CX16/DB16,3))
D18: J 2 | U18: =IF(H18="","",ROUNDDOWN(N18/R18,3)) | AV18: J 2 | BM18: =IF(AZ18="","",ROUNDDOWN(BF18/BJ18,3)) | CN18: J 2 | DE18: =IF(CR18="","",ROUNDDOWN(CX18/DB18,3))
D20: J 3 | H20: 46055 | N20: 28 | R20: 20 | U20: =IF(H20="","",ROUNDDOWN(N20/R20,3)) -> 1.4 | Y20: 5 | AC20: Fank F. | AJ20: DUD2 | AV20: J 3 | BM20: =IF(AZ20="","",ROUNDDOWN(BF20/BJ20,3)) | CN20: J 3 | DE20: =IF(CR20="","",ROUNDDOWN(CX20/DB20,3))
D22: J 4 | H22: 46062 | N22: 18 | R22: 20 | U22: =IF(H22="","",ROUNDDOWN(N22/R22,3)) -> 0.9 | Y22: 4 | AC22: Cruz J. | AJ22: DUD2 | AV22: J 4 | BM22: =IF(AZ22="","",ROUNDDOWN(BF22/BJ22,3)) | CN22: J 4 | DE22: =IF(CR22="","",ROUNDDOWN(CX22/DB22,3))
D24: J 5 | H24: 46076 | N24: 21 | R24: 20 | U24: =IF(H24="","",ROUNDDOWN(N24/R24,3)) -> 1.05 | Y24: 5 | AC24: Felix B. | AJ24: DUD2 | AV24: J 5 | BM24: =IF(AZ24="","",ROUNDDOWN(BF24/BJ24,3)) | CN24: J 5 | DE24: =IF(CR24="","",ROUNDDOWN(CX24/DB24,3))
D26: J 6 | H26: 46083 | N26: 20 | R26: 20 | U26: =IF(H26="","",ROUNDDOWN(N26/R26,3)) -> 1 | Y26: 3 | AC26: Soares A. | AJ26: DUD2 | AV26: J 6 | BM26: =IF(AZ26="","",ROUNDDOWN(BF26/BJ26,3)) | CN26: J 6 | DE26: =IF(CR26="","",ROUNDDOWN(CX26/DB26,3))
D28: J7 | U28: =IF(H28="","",ROUNDDOWN(N28/R28,3)) | AV28: J7 | BM28: =IF(AZ28="","",ROUNDDOWN(BF28/BJ28,3)) | CN28: J7 | DE28: =IF(CR28="","",ROUNDDOWN(CX28/DB28,3))
D30: J8 | U30: =IF(H30="","",ROUNDDOWN(N30/R30,3)) | AV30: J8 | BM30: =IF(AZ30="","",ROUNDDOWN(BF30/BJ30,3)) | CN30: J8 | DE30: =IF(CR30="","",ROUNDDOWN(CX30/DB30,3))
D32: J9 | U32: =IF(H32="","",ROUNDDOWN(N32/R32,3)) | AV32: J9 | BM32: =IF(AZ32="","",ROUNDDOWN(BF32/BJ32,3)) | CN32: J9 | DE32: =IF(CR32="","",ROUNDDOWN(CX32/DB32,3))
D34: J10 | U34: =IF(H34="","",ROUNDDOWN(N34/R34,3)) | AV34: J10 | BM34: =IF(AZ34="","",ROUNDDOWN(BF34/BJ34,3)) | CN34: J10 | DE34: =IF(CR34="","",ROUNDDOWN(CX34/DB34,3))
N36: =SUM(N16:Q35) -> 87 | U36: =IF(H36="","",ROUNDDOWN(N36/R36,3)) | BF36: =SUM(BF16:BI35) -> 0 | BM36: =IF(AZ36="","",ROUNDDOWN(BF36/BJ36,3)) | CX36: =SUM(CX16:DA35) -> 0 | DE36: =IF(CR36="","",ROUNDDOWN(CX36/DB36,3))
H38: =IF(N36=0,"","Total") -> Total | N38: =IF(H38="","",SUM(N16:Q35)) -> 87 | R38: =IF(H38="","",SUM(R16:T35)) -> 80 | U38: =IF(H38="","",ROUNDDOWN(N38/R38,3)) -> 1.087 | AZ38: =IF(BF36=0,"","Total") | BF38: =IF(AZ38="","",SUM(BF16:BI35)) | BJ38: =IF(AZ38="","",SUM(BJ16:BL35)) | BM38: =IF(AZ38="","",ROUNDDOWN(BF38/BJ38,3)) | CR38: =IF(CX36=0,"","Total") | CX38: =IF(CR38="","",SUM(CX16:DA35)) | DB38: =IF(CR38="","",SUM(DB16:DD35)) | DE38: =IF(CR38="","",ROUNDDOWN(CX38/DB38,3))
Z39: 2 Matchs pour moyenne
A43: 3bandes Billard Match | AS43: 3bandes Billard 1/4 match
H45: Date | N45: Pts | R45: Rep | U45: Moy. | Y45: Série | AC45: Advers. | AJ45: Equipe | AZ45: Date | BF45: Pts | BJ45: Rep | BM45: Moy. | BQ45: Série | BU45: Advers. | CB45: Equipe
A47: ITC 3bandes | D47: J 1 | U47: =IF(H47="","",ROUNDDOWN(N47/R47,3)) | AS47: ITC 3bandes | AV47: J 1 | BM47: =IF(AZ47="","",ROUNDDOWN(BF47/BJ47,3))
D49: J 2 | U49: =IF(H49="","",ROUNDDOWN(N49/R49,3)) | AV49: J 2 | BM49: =IF(AZ49="","",ROUNDDOWN(BF49/BJ49,3))
D51: J 3 | U51: =IF(H51="","",ROUNDDOWN(N51/R51,3)) | AV51: J 3 | BM51: =IF(AZ51="","",ROUNDDOWN(BF51/BJ51,3))
D53: J 4 | U53: =IF(H53="","",ROUNDDOWN(N53/R53,3)) | AV53: J 4 | BM53: =IF(AZ53="","",ROUNDDOWN(BF53/BJ53,3))
D55: J 5 | U55: =IF(H55="","",ROUNDDOWN(N55/R55,3)) | AV55: J 5 | BM55: =IF(AZ55="","",ROUNDDOWN(BF55/BJ55,3))
D57: J 6 | U57: =IF(H57="","",ROUNDDOWN(N57/R57,3)) | AV57: J 6 | BM57: =IF(AZ57="","",ROUNDDOWN(BF57/BJ57,3))
D59: J7 | U59: =IF(H59="","",ROUNDDOWN(N59/R59,3)) | AV59: J7 | BM59: =IF(AZ59="","",ROUNDDOWN(BF59/BJ59,3))
D61: J8 | U61: =IF(H61="","",ROUNDDOWN(N61/R61,3)) | AV61: J8 | BM61: =IF(AZ61="","",ROUNDDOWN(BF61/BJ61,3))
D63: J9 | U63: =IF(H63="","",ROUNDDOWN(N63/R63,3)) | AV63: J9 | BM63: =IF(AZ63="","",ROUNDDOWN(BF63/BJ63,3))
D65: J10 | U65: =IF(H65="","",ROUNDDOWN(N65/R65,3)) | AV65: J10 | BM65: =IF(AZ65="","",ROUNDDOWN(BF65/BJ65,3))
N67: =SUM(N47:Q66) -> 0 | U67: =IF(H67="","",ROUNDDOWN(N67/R67,3)) | BF67: =SUM(BF47:BI66) -> 0 | BM67: =IF(AZ67="","",ROUNDDOWN(BF67/BJ67,3))
H69: =IF(N67=0,"","Total") | N69: =IF(H69="","",SUM(N47:Q66)) | R69: =IF(H69="","",SUM(R47:T66)) | U69: =IF(H69="","",ROUNDDOWN(N69/R69,3)) | AZ69: =IF(BF67=0,"","Total") | BF69: =IF(AZ69="","",SUM(BF47:BI66)) | BJ69: =IF(AZ69="","",SUM(BJ47:BL66)) | BM69: =IF(AZ69="","",ROUNDDOWN(BF69/BJ69,3))
A112: Individuel Libre Match | AS112: Individuel Libre 1/4match | CK112: Individuel Handycap
H114: Date | N114: Pts | R114: Rep | U114: Moy. | Y114: Série | AC114: Advers. | AJ114: Equipe | AZ114: Date | BF114: Pts | BJ114: Rep | BM114: Moy. | BQ114: Série | BU114: Advers. | CB114: Equipe | CR114: Date | CX114: Pts | DB114: Rep | DE114: Moy. | DI114: Série | DM114: Advers. | DT114: Equipe
U116: =IF(H116="","",ROUNDDOWN(N116/R116,3)) | BM116: =IF(AZ116="","",ROUNDDOWN(BF116/BJ116,3)) | DE116: =IF(CR116="","",ROUNDDOWN(CX116/DB116,3))
U118: =IF(H118="","",ROUNDDOWN(N118/R118,3)) | BM118: =IF(AZ118="","",ROUNDDOWN(BF118/BJ118,3)) | DE118: =IF(CR118="","",ROUNDDOWN(CX118/DB118,3))
U120: =IF(H120="","",ROUNDDOWN(N120/R120,3)) | BM120: =IF(AZ120="","",ROUNDDOWN(BF120/BJ120,3)) | DE120: =IF(CR120="","",ROUNDDOWN(CX120/DB120,3))
U122: =IF(H122="","",ROUNDDOWN(N122/R122,3)) | BM122: =IF(AZ122="","",ROUNDDOWN(BF122/BJ122,3)) | DE122: =IF(CR122="","",ROUNDDOWN(CX122/DB122,3))
U124: =IF(H124="","",ROUNDDOWN(N124/R124,3)) | BM124: =IF(AZ124="","",ROUNDDOWN(BF124/BJ124,3)) | DE124: =IF(CR124="","",ROUNDDOWN(CX124/DB124,3))
U126: =IF(H126="","",ROUNDDOWN(N126/R126,3)) | BM126: =IF(AZ126="","",ROUNDDOWN(BF126/BJ126,3)) | DE126: =IF(CR126="","",ROUNDDOWN(CX126/DB126,3))
N128: =SUM(N116:Q127) -> 0 | U128: =IF(H128="","",ROUNDDOWN(N128/R128,3)) | BF128: =SUM(BF116:BI127) -> 0 | BM128: =IF(AZ128="","",ROUNDDOWN(BF128/BJ128,3)) | CX128: =SUM(CX116:DA127) -> 0 | DE128: =IF(CR128="","",ROUNDDOWN(CX128/DB128,3))
H130: =IF(N128=0,"","Total") | N130: =IF(H130="","",SUM(N116:Q127)) | R130: =IF(H130="","",SUM(R116:T127)) | U130: =IF(H130="","",ROUNDDOWN(N130/R130,3)) | Y130: 1/4 | AD130: =IF(N130="","",N130+N130*0.4) | AG130: =R130 | AJ130: =IF(AD130="","",ROUNDDOWN(AD130/AG130,3)) | AZ130: =IF(BF128=0,"","Total") | BF130: =IF(AZ130="","",SUM(BF116:BI127)) | BJ130: =IF(AZ130="","",SUM(BJ116:BL127)) | BM130: =IF(AZ130="","",ROUNDDOWN(BF130/BJ130,3)) | CR130: =IF(CX128=0,"","Total") | CX130: =IF(CR130="","",SUM(CX116:DA127)) | DB130: =IF(CR130="","",SUM(DB116:DD127)) | DE130: =IF(CR130="","",ROUNDDOWN(CX130/DB130,3))
A135: Individuel Cadre 47/2 | AS135: Individuel Cadre 38/2 | CK135: Individuel 1 bande
H137: Date | N137: Pts | R137: Rep | U137: Moy. | Y137: Série | AC137: Advers. | AJ137: Equipe | AZ137: Date | BF137: Pts | BJ137: Rep | BM137: Moy. | BQ137: Série | BU137: Advers. | CB137: Equipe | CR137: Date | CX137: Pts | DB137: Rep | DE137: Moy. | DI137: Série | DM137: Advers. | DT137: Equipe
U139: =IF(H139="","",ROUNDDOWN(N139/R139,3)) | BM139: =IF(AZ139="","",ROUNDDOWN(BF139/BJ139,3)) | DE139: =IF(CR139="","",ROUNDDOWN(CX139/DB139,3))
U141: =IF(H141="","",ROUNDDOWN(N141/R141,3)) | BM141: =IF(AZ141="","",ROUNDDOWN(BF141/BJ141,3)) | DE141: =IF(CR141="","",ROUNDDOWN(CX141/DB141,3))
U143: =IF(H143="","",ROUNDDOWN(N143/R143,3)) | BM143: =IF(AZ143="","",ROUNDDOWN(BF143/BJ143,3)) | DE143: =IF(CR143="","",ROUNDDOWN(CX143/DB143,3))
U145: =IF(H145="","",ROUNDDOWN(N145/R145,3)) | BM145: =IF(AZ145="","",ROUNDDOWN(BF145/BJ145,3)) | DE145: =IF(CR145="","",ROUNDDOWN(CX145/DB145,3))
U147: =IF(H147="","",ROUNDDOWN(N147/R147,3)) | BM147: =IF(AZ147="","",ROUNDDOWN(BF147/BJ147,3)) | DE147: =IF(CR147="","",ROUNDDOWN(CX147/DB147,3))
U149: =IF(H149="","",ROUNDDOWN(N149/R149,3)) | BM149: =IF(AZ149="","",ROUNDDOWN(BF149/BJ149,3)) | DE149: =IF(CR149="","",ROUNDDOWN(CX149/DB149,3))
N151: =SUM(N139:Q150) -> 0 | U151: =IF(H151="","",ROUNDDOWN(N151/R151,3)) | BF151: =SUM(BF139:BI150) -> 0 | BM151: =IF(AZ151="","",ROUNDDOWN(BF151/BJ151,3)) | CX151: =SUM(CX139:DA150) -> 0 | DE151: =IF(CR151="","",ROUNDDOWN(CX151/DB151,3))
H153: =IF(N151=0,"","Total") | N153: =IF(H153="","",SUM(N139:Q150)) | R153: =IF(H153="","",SUM(R139:T150)) | U153: =IF(H153="","",ROUNDDOWN(N153/R153,3)) | Y153: 1/4 | AG153: =R153 | AJ153: =IF(AC153="","",ROUNDDOWN(AC153/AG153,3)) | AZ153: =IF(BF151=0,"","Total") | BF153: =IF(AZ153="","",SUM(BF139:BI150)) | BJ153: =IF(AZ153="","",SUM(BJ139:BL150)) | BM153: =IF(AZ153="","",ROUNDDOWN(BF153/BJ153,3)) | CR153: =IF(CX151=0,"","Total") | CX153: =IF(CR153="","",SUM(CX139:DA150)) | DB153: =IF(CR153="","",SUM(DB139:DD150)) | DE153: =IF(CR153="","",ROUNDDOWN(CX153/DB153,3))
A158: Individuel 1 bande Match | AS158: Individuel 3bandes Match | CK158: Individuel 3bandes 1/4 match
H160: Date | N160: Pts | R160: Rep | U160: Moy. | Y160: Série | AC160: Advers. | AJ160: Equipe | AZ160: Date | BF160: Pts | BJ160: Rep | BM160: Moy. | BQ160: Série | BU160: Advers. | CB160: Equipe | CR160: Date | CX160: Pts | DB160: Rep | DE160: Moy. | DI160: Série | DM160: Advers. | DT160: Equipe
U162: =IF(H162="","",ROUNDDOWN(N162/R162,3)) | BM162: =IF(AZ162="","",ROUNDDOWN(BF162/BJ162,3)) | DE162: =IF(CR162="","",ROUNDDOWN(CX162/DB162,3))
U164: =IF(H164="","",ROUNDDOWN(N164/R164,3)) | BM164: =IF(AZ164="","",ROUNDDOWN(BF164/BJ164,3)) | DE164: =IF(CR164="","",ROUNDDOWN(CX164/DB164,3))
U166: =IF(H166="","",ROUNDDOWN(N166/R166,3)) | BM166: =IF(AZ166="","",ROUNDDOWN(BF166/BJ166,3)) | DE166: =IF(CR166="","",ROUNDDOWN(CX166/DB166,3))
U168: =IF(H168="","",ROUNDDOWN(N168/R168,3)) | BM168: =IF(AZ168="","",ROUNDDOWN(BF168/BJ168,3)) | DE168: =IF(CR168="","",ROUNDDOWN(CX168/DB168,3))
U170: =IF(H170="","",ROUNDDOWN(N170/R170,3)) | BM170: =IF(AZ170="","",ROUNDDOWN(BF170/BJ170,3)) | DE170: =IF(CR170="","",ROUNDDOWN(CX170/DB170,3))
U172: =IF(H172="","",ROUNDDOWN(N172/R172,3)) | BM172: =IF(AZ172="","",ROUNDDOWN(BF172/BJ172,3)) | DE172: =IF(CR172="","",ROUNDDOWN(CX172/DB172,3))
N174: =SUM(N162:Q173) -> 0 | U174: =IF(H174="","",ROUNDDOWN(N174/R174,3)) | BF174: =SUM(BF162:BI173) -> 0 | BM174: =IF(AZ174="","",ROUNDDOWN(BF174/BJ174,3)) | CX174: =SUM(CX162:DA173) -> 0 | DE174: =IF(CR174="","",ROUNDDOWN(CX174/DB174,3))
H176: =IF(N174=0,"","Total") | N176: =IF(H176="","",SUM(N162:Q173)) | R176: =IF(H176="","",SUM(R162:T173)) | U176: =IF(H176="","",ROUNDDOWN(N176/R176,3)) | Y176: 1/4 | AG176: =R176 | AJ176: =IF(AC176="","",ROUNDDOWN(AC176/AG176,3)) | AZ176: =IF(BF174=0,"","Total") | BF176: =IF(AZ176="","",SUM(BF162:BI173)) | BJ176: =IF(AZ176="","",SUM(BJ162:BL173)) | BM176: =IF(AZ176="","",ROUNDDOWN(BF176/BJ176,3)) | CR176: =IF(CX174=0,"","Total") | CX176: =IF(CR176="","",SUM(CX162:DA173)) | DB176: =IF(CR176="","",SUM(DB162:DD173)) | DE176: =IF(CR176="","",ROUNDDOWN(CX176/DB176,3))
A181: 1ier Grand Prix 3bandes | AS181: 2ième Grand Prix 3bandes | CK181: 3ième Grand Prix 3bandes
H183: Date | N183: Pts | R183: Rep | U183: Moy. | Y183: Série | AC183: Advers. | AJ183: Billard | AZ183: Date | BF183: Pts | BJ183: Rep | BM183: Moy. | BQ183: Série | BU183: Advers. | CB183: Billard | CR183: Date | CX183: Pts | DB183: Rep | DE183: Moy. | DI183: Série | DM183: Advers. | DT183: Billard
A185: 1er Grand Prix | U185: =IF(H185="","",ROUNDDOWN(N185/R185,3)) | AS185: 2ième Grand Prix | BM185: =IF(AZ185="","",ROUNDDOWN(BF185/BJ185,3)) | CK185: 3ième Grand Prix | DE185: =IF(CR185="","",ROUNDDOWN(CX185/DB185,3))
U187: =IF(H187="","",ROUNDDOWN(N187/R187,3)) | BM187: =IF(AZ187="","",ROUNDDOWN(BF187/BJ187,3)) | DE187: =IF(CR187="","",ROUNDDOWN(CX187/DB187,3))
U189: =IF(H189="","",ROUNDDOWN(N189/R189,3)) | BM189: =IF(AZ189="","",ROUNDDOWN(BF189/BJ189,3)) | DE189: =IF(CR189="","",ROUNDDOWN(CX189/DB189,3))
U191: =IF(H191="","",ROUNDDOWN(N191/R191,3)) | BM191: =IF(AZ191="","",ROUNDDOWN(BF191/BJ191,3)) | DE191: =IF(CR191="","",ROUNDDOWN(CX191/DB191,3))
U193: =IF(H193="","",ROUNDDOWN(N193/R193,3)) | BM193: =IF(AZ193="","",ROUNDDOWN(BF193/BJ193,3)) | DE193: =IF(CR193="","",ROUNDDOWN(CX193/DB193,3))
U195: =IF(H195="","",ROUNDDOWN(N195/R195,3)) | BM195: =IF(AZ195="","",ROUNDDOWN(BF195/BJ195,3)) | DE195: =IF(CR195="","",ROUNDDOWN(CX195/DB195,3))
N197: =SUM(N185:Q196) -> 0 | U197: =IF(H197="","",ROUNDDOWN(N197/R197,3)) | BF197: =SUM(BF185:BI196) -> 0 | BM197: =IF(AZ197="","",ROUNDDOWN(BF197/BJ197,3)) | CX197: =SUM(CX185:DA196) -> 0 | DE197: =IF(CR197="","",ROUNDDOWN(CX197/DB197,3))
H199: =IF(N197=0,"","Total") | N199: =IF(H199="","",SUM(N185:Q196)) | R199: =IF(H199="","",SUM(R185:T196)) | U199: =IF(H199="","",ROUNDDOWN(N199/R199,3)) | Y199: 1/4 | AJ199: =IF(AD199="","",ROUNDDOWN(AD199/AG199,3)) | AZ199: =IF(BF197=0,"","Total") | BF199: =IF(AZ199="","",SUM(BF185:BI196)) | BJ199: =IF(AZ199="","",SUM(BJ185:BL196)) | BM199: =IF(AZ199="","",ROUNDDOWN(BF199/BJ199,3)) | BQ199: 1/4 | CB199: =IF(BV199="","",ROUNDDOWN(BV199/BY199,3)) | CR199: =IF(CX197=0,"","Total") | CX199: =IF(CR199="","",SUM(CX185:DA196)) | DB199: =IF(CR199="","",SUM(DB185:DD196)) | DE199: =IF(CR199="","",ROUNDDOWN(CX199/DB199,3)) | DI199: 1/4 | DT199: =IF(DN199="","",ROUNDDOWN(DN199/DQ199,3))
A204: Coupe
H206: Date | N206: Pts | R206: Rep | U206: Moy. | Y206: Série | AC206: Advers. | AJ206: Equipe
U208: =IF(H208="","",ROUNDDOWN(N208/R208,3))
U210: =IF(H210="","",ROUNDDOWN(N210/R210,3))
U212: =IF(H212="","",ROUNDDOWN(N212/R212,3))
U214: =IF(H214="","",ROUNDDOWN(N214/R214,3))
U216: =IF(H216="","",ROUNDDOWN(N216/R216,3))
U218: =IF(H218="","",ROUNDDOWN(N218/R218,3))
N220: =SUM(N208:Q219) -> 0 | U220: =IF(H220="","",ROUNDDOWN(N220/R220,3))
H222: =IF(N220=0,"","Total") | N222: =IF(H222="","",SUM(N208:Q219)) | R222: =IF(H222="","",SUM(R208:T219)) | U222: =IF(H222="","",ROUNDDOWN(N222/R222,3))

Sheet Bollini L.
A1: Bollini Lucas
H6: Catégorie | Y6: Libre | AO6: Cadre | BF6: 1bande | BW6: 3bandes Match | CM6: 3bandes 1/4match | DD6: 3bandes Match conv.
H8: Pts | L8: Rep | P8: Moy | Y8: =IF(N38="",0,N38)+IF(AD130="",0,AD130)+IF(BF130="",0,BF130)+IF(CX130="",0,CX130) -> 21 | AC8: =IF(R38="",0,R38)+IF(AG130="",0,AG130)+IF(BJ130="",0,BJ130)+IF(DB130="",0,DB130) -> 40 | AG8: =IF(Y8=0,0,ROUNDDOWN(Y8/AC8,3)) -> 0.525 | AO8: =IF(BF38="",0,BF38)+IF(AC153="",0,AC153)+IF(BF153="",0,BF153) -> 0 | AS8: =IF(BJ38="",0,BJ38)+IF(AG153="",0,AG153)+IF(BJ153="",0,BJ153) -> 0 | AW8: =IF(AO8=0,0,ROUNDDOWN(AO8/AS8,3)) -> 0 | BF8: =IF(CX153="",0,CX153)+IF(AC176="",0,AC176) -> 0 | BJ8: =IF(DB153="",0,DB153)+IF(AG176="",0,AG176) -> 0 | BN8: =IF(BF8=0,0,ROUNDDOWN(BF8/BJ8,3)) -> 0 | BW8: =IF(CX38="",0,CX38)+IF(N69="",0,N69)+IF(N199="",0,N199)+IF(BF199="",0,BF199)+IF(CX199="",0,CX199)+IF(BF176="",0,BF176) -> 0 | CA8: =IF(DB38="",0,DB38)+IF(R69="",0,R69)+IF(R199="",0,R199)+IF(BJ199="",0,BJ199)+IF(DB199="",0,DB199)+IF(BJ176="",0,BJ176) -> 0 | CE8: =IF(BW8=0,0,ROUNDDOWN(BW8/CA8,3)) -> 0 | CM8: =IF(BF69="",0,BF69)+IF(AD199="",0,AD199)+IF(BV199="",0,BV199)+IF(DN199="",0,DN199)+IF(CX176="",0,CX176) -> 0 | CQ8: =IF(BJ69="",0,BJ69)+IF(AG199="",0,AG199)+IF(BY199="",0,BY199)+IF(DQ199="",0,DQ199)+IF(DB176="",0,DB176) -> 0 | CU8: =IF(CM8=0,0,ROUNDDOWN(CM8/CQ8,3)) -> 0 | DD8: =SUM(BW8+(CM8*0.7)) -> 0 | DH8: =SUM(CA8+CQ8) -> 0 | DL8: =IF(DD8=0,0,ROUNDDOWN(DD8/DH8,3)) -> 0
A12: Libre | AS12: Cadre | CK12: 3bandes Billard Match
H14: Date | N14: Pts | R14: Rep | U14: Moy. | Y14: Série | AC14: Advers. | AJ14: Equipe | AZ14: Date | BF14: Pts | BJ14: Rep | BM14: Moy. | BQ14: Série | BU14: Advers. | CB14: Equipe | CR14: Date | CX14: Pts | DB14: Rep | DE14: Moy. | DI14: Série | DM14: Advers. | DT14: Equipe
A16: ITC Classique | D16: J 1 | U16: =IF(H16="","",ROUNDDOWN(N16/R16,3)) | AS16: ITC Classique | AV16: J 1 | BM16: =IF(AZ16="","",ROUNDDOWN(BF16/BJ16,3)) | CK16: ITC Classique | CN16: J 1 | DE16: =IF(CR16="","",ROUNDDOWN(CX16/DB16,3))
D18: J 2 | U18: =IF(H18="","",ROUNDDOWN(N18/R18,3)) | AV18: J 2 | BM18: =IF(AZ18="","",ROUNDDOWN(BF18/BJ18,3)) | CN18: J 2 | DE18: =IF(CR18="","",ROUNDDOWN(CX18/DB18,3))
D20: J 3 | U20: =IF(H20="","",ROUNDDOWN(N20/R20,3)) | AV20: J 3 | BM20: =IF(AZ20="","",ROUNDDOWN(BF20/BJ20,3)) | CN20: J 3 | DE20: =IF(CR20="","",ROUNDDOWN(CX20/DB20,3))
D22: J 4 | U22: =IF(H22="","",ROUNDDOWN(N22/R22,3)) | AV22: J 4 | BM22: =IF(AZ22="","",ROUNDDOWN(BF22/BJ22,3)) | CN22: J 4 | DE22: =IF(CR22="","",ROUNDDOWN(CX22/DB22,3))
D24: J 5 | H24: 46076 | N24: 10 | R24: 20 | U24: =IF(H24="","",ROUNDDOWN(N24/R24,3)) -> 0.5 | Y24: 2 | AC24: Pierre P. | AJ24: DUD2 | AV24: J 5 | BM24: =IF(AZ24="","",ROUNDDOWN(BF24/BJ24,3)) | CN24: J 5 | DE24: =IF(CR24="","",ROUNDDOWN(CX24/DB24,3))
D26: J 6 | H26: 46083 | N26: 11 | R26: 20 | U26: =IF(H26="","",ROUNDDOWN(N26/R26,3)) -> 0.55 | Y26: 5 | AC26: Barison R. | AJ26: DUD2 | AV26: J 6 | BM26: =IF(AZ26="","",ROUNDDOWN(BF26/BJ26,3)) | CN26: J 6 | DE26: =IF(CR26="","",ROUNDDOWN(CX26/DB26,3))
D28: J7 | U28: =IF(H28="","",ROUNDDOWN(N28/R28,3)) | AV28: J7 | BM28: =IF(AZ28="","",ROUNDDOWN(BF28/BJ28,3)) | CN28: J7 | DE28: =IF(CR28="","",ROUNDDOWN(CX28/DB28,3))
D30: J8 | U30: =IF(H30="","",ROUNDDOWN(N30/R30,3)) | AV30: J8 | BM30: =IF(AZ30="","",ROUNDDOWN(BF30/BJ30,3)) | CN30: J8 | DE30: =IF(CR30="","",ROUNDDOWN(CX30/DB30,3))
D32: J9 | U32: =IF(H32="","",ROUNDDOWN(N32/R32,3)) | AV32: J9 | BM32: =IF(AZ32="","",ROUNDDOWN(BF32/BJ32,3)) | CN32: J9 | DE32: =IF(CR32="","",ROUNDDOWN(CX32/DB32,3))
D34: J10 | U34: =IF(H34="","",ROUNDDOWN(N34/R34,3)) | AV34: J10 | BM34: =IF(AZ34="","",ROUNDDOWN(BF34/BJ34,3)) | CN34: J10 | DE34: =IF(CR34="","",ROUNDDOWN(CX34/DB34,3))
N36: =SUM(N16:Q35) -> 21 | U36: =IF(H36="","",ROUNDDOWN(N36/R36,3)) | BF36: =SUM(BF16:BI35) -> 0 | BM36: =IF(AZ36="","",ROUNDDOWN(BF36/BJ36,3)) | CX36: =SUM(CX16:DA35) -> 0 | DE36: =IF(CR36="","",ROUNDDOWN(CX36/DB36,3))
H38: =IF(N36=0,"","Total") -> Total | N38: =IF(H38="","",SUM(N16:Q35)) -> 21 | R38: =IF(H38="","",SUM(R16:T35)) -> 40 | U38: =IF(H38="","",ROUNDDOWN(N38/R38,3)) -> 0.525 | AZ38: =IF(BF36=0,"","Total") | BF38: =IF(AZ38="","",SUM(BF16:BI35)) | BJ38: =IF(AZ38="","",SUM(BJ16:BL35)) | BM38: =IF(AZ38="","",ROUNDDOWN(BF38/BJ38,3)) | CR38: =IF(CX36=0,"","Total") | CX38: =IF(CR38="","",SUM(CX16:DA35)) | DB38: =IF(CR38="","",SUM(DB16:DD35)) | DE38: =IF(CR38="","",ROUNDDOWN(CX38/DB38,3))
Z39: 2 Matchs pour moyenne
A43: 3bandes Billard Match | AS43: 3bandes Billard 1/4 match
H45: Date | N45: Pts | R45: Rep | U45: Moy. | Y45: Série | AC45: Advers. | AJ45: Equipe | AZ45: Date | BF45: Pts | BJ45: Rep | BM45: Moy. | BQ45: Série | BU45: Advers. | CB45: Equipe
A47: ITC 3bandes | D47: J 1 | U47: =IF(H47="","",ROUNDDOWN(N47/R47,3)) | AS47: ITC 3bandes | AV47: J 1 | BM47: =IF(AZ47="","",ROUNDDOWN(BF47/BJ47,3))
D49: J 2 | U49: =IF(H49="","",ROUNDDOWN(N49/R49,3)) | AV49: J 2 | BM49: =IF(AZ49="","",ROUNDDOWN(BF49/BJ49,3))
D51: J 3 | U51: =IF(H51="","",ROUNDDOWN(N51/R51,3)) | AV51: J 3 | BM51: =IF(AZ51="","",ROUNDDOWN(BF51/BJ51,3))
D53: J 4 | U53: =IF(H53="","",ROUNDDOWN(N53/R53,3)) | AV53: J 4 | BM53: =IF(AZ53="","",ROUNDDOWN(BF53/BJ53,3))
D55: J 5 | U55: =IF(H55="","",ROUNDDOWN(N55/R55,3)) | AV55: J 5 | BM55: =IF(AZ55="","",ROUNDDOWN(BF55/BJ55,3))
D57: J 6 | U57: =IF(H57="","",ROUNDDOWN(N57/R57,3)) | AV57: J 6 | BM57: =IF(AZ57="","",ROUNDDOWN(BF57/BJ57,3))
D59: J7 | U59: =IF(H59="","",ROUNDDOWN(N59/R59,3)) | AV59: J7 | BM59: =IF(AZ59="","",ROUNDDOWN(BF59/BJ59,3))
D61: J8 | U61: =IF(H61="","",ROUNDDOWN(N61/R61,3)) | AV61: J8 | BM61: =IF(AZ61="","",ROUNDDOWN(BF61/BJ61,3))
D63: J9 | U63: =IF(H63="","",ROUNDDOWN(N63/R63,3)) | AV63: J9 | BM63: =IF(AZ63="","",ROUNDDOWN(BF63/BJ63,3))
D65: J10 | U65: =IF(H65="","",ROUNDDOWN(N65/R65,3)) | AV65: J10 | BM65: =IF(AZ65="","",ROUNDDOWN(BF65/BJ65,3))
N67: =SUM(N47:Q66) -> 0 | U67: =IF(H67="","",ROUNDDOWN(N67/R67,3)) | BF67: =SUM(BF47:BI66) -> 0 | BM67: =IF(AZ67="","",ROUNDDOWN(BF67/BJ67,3))
H69: =IF(N67=0,"","Total") | N69: =IF(H69="","",SUM(N47:Q66)) | R69: =IF(H69="","",SUM(R47:T66)) | U69: =IF(H69="","",ROUNDDOWN(N69/R69,3)) | AZ69: =IF(BF67=0,"","Total") | BF69: =IF(AZ69="","",SUM(BF47:BI66)) | BJ69: =IF(AZ69="","",SUM(BJ47:BL66)) | BM69: =IF(AZ69="","",ROUNDDOWN(BF69/BJ69,3))
A112: Individuel Libre Match | AS112: Individuel Libre 1/4match | CK112: Individuel Handycap
H114: Date | N114: Pts | R114: Rep | U114: Moy. | Y114: Série | AC114: Advers. | AJ114: Equipe | AZ114: Date | BF114: Pts | BJ114: Rep | BM114: Moy. | BQ114: Série | BU114: Advers. | CB114: Equipe | CR114: Date | CX114: Pts | DB114: Rep | DE114: Moy. | DI114: Série | DM114: Advers. | DT114: Equipe
U116: =IF(H116="","",ROUNDDOWN(N116/R116,3)) | BM116: =IF(AZ116="","",ROUNDDOWN(BF116/BJ116,3)) | DE116: =IF(CR116="","",ROUNDDOWN(CX116/DB116,3))
U118: =IF(H118="","",ROUNDDOWN(N118/R118,3)) | BM118: =IF(AZ118="","",ROUNDDOWN(BF118/BJ118,3)) | DE118: =IF(CR118="","",ROUNDDOWN(CX118/DB118,3))
U120: =IF(H120="","",ROUNDDOWN(N120/R120,3)) | BM120: =IF(AZ120="","",ROUNDDOWN(BF120/BJ120,3)) | DE120: =IF(CR120="","",ROUNDDOWN(CX120/DB120,3))
U122: =IF(H122="","",ROUNDDOWN(N122/R122,3)) | BM122: =IF(AZ122="","",ROUNDDOWN(BF122/BJ122,3)) | DE122: =IF(CR122="","",ROUNDDOWN(CX122/DB122,3))
U124: =IF(H124="","",ROUNDDOWN(N124/R124,3)) | BM124: =IF(AZ124="","",ROUNDDOWN(BF124/BJ124,3)) | DE124: =IF(CR124="","",ROUNDDOWN(CX124/DB124,3))
U126: =IF(H126="","",ROUNDDOWN(N126/R126,3)) | BM126: =IF(AZ126="","",ROUNDDOWN(BF126/BJ126,3)) | DE126: =IF(CR126="","",ROUNDDOWN(CX126/DB126,3))
N128: =SUM(N116:Q127) -> 0 | U128: =IF(H128="","",ROUNDDOWN(N128/R128,3)) | BF128: =SUM(BF116:BI127) -> 0 | BM128: =IF(AZ128="","",ROUNDDOWN(BF128/BJ128,3)) | CX128: =SUM(CX116:DA127) -> 0 | DE128: =IF(CR128="","",ROUNDDOWN(CX128/DB128,3))
H130: =IF(N128=0,"","Total") | N130: =IF(H130="","",SUM(N116:Q127)) | R130: =IF(H130="","",SUM(R116:T127)) | U130: =IF(H130="","",ROUNDDOWN(N130/R130,3)) | Y130: 1/4 | AD130: =IF(N130="","",N130+N130*0.4) | AG130: =R130 | AJ130: =IF(AD130="","",ROUNDDOWN(AD130/AG130,3)) | AZ130: =IF(BF128=0,"","Total") | BF130: =IF(AZ130="","",SUM(BF116:BI127)) | BJ130: =IF(AZ130="","",SUM(BJ116:BL127)) | BM130: =IF(AZ130="","",ROUNDDOWN(BF130/BJ130,3)) | CR130: =IF(CX128=0,"","Total") | CX130: =IF(CR130="","",SUM(CX116:DA127)) | DB130: =IF(CR130="","",SUM(DB116:DD127)) | DE130: =IF(CR130="","",ROUNDDOWN(CX130/DB130,3))
A135: Individuel Cadre 47/2 | AS135: Individuel Cadre 38/2 | CK135: Individuel 1 bande
H137: Date | N137: Pts | R137: Rep | U137: Moy. | Y137: Série | AC137: Advers. | AJ137: Equipe | AZ137: Date | BF137: Pts | BJ137: Rep | BM137: Moy. | BQ137: Série | BU137: Advers. | CB137: Equipe | CR137: Date | CX137: Pts | DB137: Rep | DE137: Moy. | DI137: Série | DM137: Advers. | DT137: Equipe
U139: =IF(H139="","",ROUNDDOWN(N139/R139,3)) | BM139: =IF(AZ139="","",ROUNDDOWN(BF139/BJ139,3)) | DE139: =IF(CR139="","",ROUNDDOWN(CX139/DB139,3))
U141: =IF(H141="","",ROUNDDOWN(N141/R141,3)) | BM141: =IF(AZ141="","",ROUNDDOWN(BF141/BJ141,3)) | DE141: =IF(CR141="","",ROUNDDOWN(CX141/DB141,3))
U143: =IF(H143="","",ROUNDDOWN(N143/R143,3)) | BM143: =IF(AZ143="","",ROUNDDOWN(BF143/BJ143,3)) | DE143: =IF(CR143="","",ROUNDDOWN(CX143/DB143,3))
U145: =IF(H145="","",ROUNDDOWN(N145/R145,3)) | BM145: =IF(AZ145="","",ROUNDDOWN(BF145/BJ145,3)) | DE145: =IF(CR145="","",ROUNDDOWN(CX145/DB145,3))
U147: =IF(H147="","",ROUNDDOWN(N147/R147,3)) | BM147: =IF(AZ147="","",ROUNDDOWN(BF147/BJ147,3)) | DE147: =IF(CR147="","",ROUNDDOWN(CX147/DB147,3))
U149: =IF(H149="","",ROUNDDOWN(N149/R149,3)) | BM149: =IF(AZ149="","",ROUNDDOWN(BF149/BJ149,3)) | DE149: =IF(CR149="","",ROUNDDOWN(CX149/DB149,3))
N151: =SUM(N139:Q150) -> 0 | U151: =IF(H151="","",ROUNDDOWN(N151/R151,3)) | BF151: =SUM(BF139:BI150) -> 0 | BM151: =IF(AZ151="","",ROUNDDOWN(BF151/BJ151,3)) | CX151: =SUM(CX139:DA150) -> 0 | DE151: =IF(CR151="","",ROUNDDOWN(CX151/DB151,3))
H153: =IF(N151=0,"","Total") | N153: =IF(H153="","",SUM(N139:Q150)) | R153: =IF(H153="","",SUM(R139:T150)) | U153: =IF(H153="","",ROUNDDOWN(N153/R153,3)) | Y153: 1/4 | AG153: =R153 | AJ153: =IF(AC153="","",ROUNDDOWN(AC153/AG153,3)) | AZ153: =IF(BF151=0,"","Total") | BF153: =IF(AZ153="","",SUM(BF139:BI150)) | BJ153: =IF(AZ153="","",SUM(BJ139:BL150)) | BM153: =IF(AZ153="","",ROUNDDOWN(BF153/BJ153,3)) | CR153: =IF(CX151=0,"","Total") | CX153: =IF(CR153="","",SUM(CX139:DA150)) | DB153: =IF(CR153="","",SUM(DB139:DD150)) | DE153: =IF(CR153="","",ROUNDDOWN(CX153/DB153,3))
A158: Individuel 1 bande Match | AS158: Individuel 3bandes Match | CK158: Individuel 3bandes 1/4 match
H160: Date | N160: Pts | R160: Rep | U160: Moy. | Y160: Série | AC160: Advers. | AJ160: Equipe | AZ160: Date | BF160: Pts | BJ160: Rep | BM160: Moy. | BQ160: Série | BU160: Advers. | CB160: Equipe | CR160: Date | CX160: Pts | DB160: Rep | DE160: Moy. | DI160: Série | DM160: Advers. | DT160: Equipe
U162: =IF(H162="","",ROUNDDOWN(N162/R162,3)) | BM162: =IF(AZ162="","",ROUNDDOWN(BF162/BJ162,3)) | DE162: =IF(CR162="","",ROUNDDOWN(CX162/DB162,3))
U164: =IF(H164="","",ROUNDDOWN(N164/R164,3)) | BM164: =IF(AZ164="","",ROUNDDOWN(BF164/BJ164,3)) | DE164: =IF(CR164="","",ROUNDDOWN(CX164/DB164,3))
U166: =IF(H166="","",ROUNDDOWN(N166/R166,3)) | BM166: =IF(AZ166="","",ROUNDDOWN(BF166/BJ166,3)) | DE166: =IF(CR166="","",ROUNDDOWN(CX166/DB166,3))
U168: =IF(H168="","",ROUNDDOWN(N168/R168,3)) | BM168: =IF(AZ168="","",ROUNDDOWN(BF168/BJ168,3)) | DE168: =IF(CR168="","",ROUNDDOWN(CX168/DB168,3))
U170: =IF(H170="","",ROUNDDOWN(N170/R170,3)) | BM170: =IF(AZ170="","",ROUNDDOWN(BF170/BJ170,3)) | DE170: =IF(CR170="","",ROUNDDOWN(CX170/DB170,3))
U172: =IF(H172="","",ROUNDDOWN(N172/R172,3)) | BM172: =IF(AZ172="","",ROUNDDOWN(BF172/BJ172,3)) | DE172: =IF(CR172="","",ROUNDDOWN(CX172/DB172,3))
N174: =SUM(N162:Q173) -> 0 | U174: =IF(H174="","",ROUNDDOWN(N174/R174,3)) | BF174: =SUM(BF162:BI173) -> 0 | BM174: =IF(AZ174="","",ROUNDDOWN(BF174/BJ174,3)) | CX174: =SUM(CX162:DA173) -> 0 | DE174: =IF(CR174="","",ROUNDDOWN(CX174/DB174,3))
H176: =IF(N174=0,"","Total") | N176: =IF(H176="","",SUM(N162:Q173)) | R176: =IF(H176="","",SUM(R162:T173)) | U176: =IF(H176="","",ROUNDDOWN(N176/R176,3)) | Y176: 1/4 | AG176: =R176 | AJ176: =IF(AC176="","",ROUNDDOWN(AC176/AG176,3)) | AZ176: =IF(BF174=0,"","Total") | BF176: =IF(AZ176="","",SUM(BF162:BI173)) | BJ176: =IF(AZ176="","",SUM(BJ162:BL173)) | BM176: =IF(AZ176="","",ROUNDDOWN(BF176/BJ176,3)) | CR176: =IF(CX174=0,"","Total") | CX176: =IF(CR176="","",SUM(CX162:DA173)) | DB176: =IF(CR176="","",SUM(DB162:DD173)) | DE176: =IF(CR176="","",ROUNDDOWN(CX176/DB176,3))
A181: 1ier Grand Prix 3bandes | AS181: 2ième Grand Prix 3bandes | CK181: 3ième Grand Prix 3bandes
H183: Date | N183: Pts | R183: Rep | U183: Moy. | Y183: Série | AC183: Advers. | AJ183: Billard | AZ183: Date | BF183: Pts | BJ183: Rep | BM183: Moy. | BQ183: Série | BU183: Advers. | CB183: Billard | CR183: Date | CX183: Pts | DB183: Rep | DE183: Moy. | DI183: Série | DM183: Advers. | DT183: Billard
A185: 1er Grand Prix | U185: =IF(H185="","",ROUNDDOWN(N185/R185,3)) | AS185: 2ième Grand Prix | BM185: =IF(AZ185="","",ROUNDDOWN(BF185/BJ185,3)) | CK185: 3ième Grand Prix | DE185: =IF(CR185="","",ROUNDDOWN(CX185/DB185,3))
U187: =IF(H187="","",ROUNDDOWN(N187/R187,3)) | BM187: =IF(AZ187="","",ROUNDDOWN(BF187/BJ187,3)) | DE187: =IF(CR187="","",ROUNDDOWN(CX187/DB187,3))
U189: =IF(H189="","",ROUNDDOWN(N189/R189,3)) | BM189: =IF(AZ189="","",ROUNDDOWN(BF189/BJ189,3)) | DE189: =IF(CR189="","",ROUNDDOWN(CX189/DB189,3))
U191: =IF(H191="","",ROUNDDOWN(N191/R191,3)) | BM191: =IF(AZ191="","",ROUNDDOWN(BF191/BJ191,3)) | DE191: =IF(CR191="","",ROUNDDOWN(CX191/DB191,3))
U193: =IF(H193="","",ROUNDDOWN(N193/R193,3)) | BM193: =IF(AZ193="","",ROUNDDOWN(BF193/BJ193,3)) | DE193: =IF(CR193="","",ROUNDDOWN(CX193/DB193,3))
U195: =IF(H195="","",ROUNDDOWN(N195/R195,3)) | BM195: =IF(AZ195="","",ROUNDDOWN(BF195/BJ195,3)) | DE195: =IF(CR195="","",ROUNDDOWN(CX195/DB195,3))
N197: =SUM(N185:Q196) -> 0 | U197: =IF(H197="","",ROUNDDOWN(N197/R197,3)) | BF197: =SUM(BF185:BI196) -> 0 | BM197: =IF(AZ197="","",ROUNDDOWN(BF197/BJ197,3)) | CX197: =SUM(CX185:DA196) -> 0 | DE197: =IF(CR197="","",ROUNDDOWN(CX197/DB197,3))
H199: =IF(N197=0,"","Total") | N199: =IF(H199="","",SUM(N185:Q196)) | R199: =IF(H199="","",SUM(R185:T196)) | U199: =IF(H199="","",ROUNDDOWN(N199/R199,3)) | Y199: 1/4 | AJ199: =IF(AD199="","",ROUNDDOWN(AD199/AG199,3)) | AZ199: =IF(BF197=0,"","Total") | BF199: =IF(AZ199="","",SUM(BF185:BI196)) | BJ199: =IF(AZ199="","",SUM(BJ185:BL196)) | BM199: =IF(AZ199="","",ROUNDDOWN(BF199/BJ199,3)) | BQ199: 1/4 | CB199: =IF(BV199="","",ROUNDDOWN(BV199/BY199,3)) | CR199: =IF(CX197=0,"","Total") | CX199: =IF(CR199="","",SUM(CX185:DA196)) | DB199: =IF(CR199="","",SUM(DB185:DD196)) | DE199: =IF(CR199="","",ROUNDDOWN(CX199/DB199,3)) | DI199: 1/4 | DT199: =IF(DN199="","",ROUNDDOWN(DN199/DQ199,3))
A204: Coupe
H206: Date | N206: Pts | R206: Rep | U206: Moy. | Y206: Série | AC206: Advers. | AJ206: Equipe
U208: =IF(H208="","",ROUNDDOWN(N208/R208,3))
U210: =IF(H210="","",ROUNDDOWN(N210/R210,3))
U212: =IF(H212="","",ROUNDDOWN(N212/R212,3))
U214: =IF(H214="","",ROUNDDOWN(N214/R214,3))
U216: =IF(H216="","",ROUNDDOWN(N216/R216,3))
U218: =IF(H218="","",ROUNDDOWN(N218/R218,3))
N220: =SUM(N208:Q219) -> 0 | U220: =IF(H220="","",ROUNDDOWN(N220/R220,3))
H222: =IF(N220=0,"","Total") | N222: =IF(H222="","",SUM(N208:Q219)) | R222: =IF(H222="","",SUM(R208:T219)) | U222: =IF(H222="","",ROUNDDOWN(N222/R222,3))

Sheet Borneque
A1: Borneque Fabrice
H6: Catégorie | Y6: Libre | AO6: Cadre | BF6: 1bande | BW6: 3bandes Match | CM6: 3bandes 1/4match | DD6: 3bandes Match conv.
H8: Pts | L8: Rep | P8: Moy | Y8: =IF(N38="",0,N38)+IF(AD130="",0,AD130)+IF(BF130="",0,BF130)+IF(CX130="",0,CX130) -> 0 | AC8: =IF(R38="",0,R38)+IF(AG130="",0,AG130)+IF(BJ130="",0,BJ130)+IF(DB130="",0,DB130) -> 0 | AG8: =IF(Y8=0,0,ROUNDDOWN(Y8/AC8,3)) -> 0 | AO8: =IF(BF38="",0,BF38)+IF(AC153="",0,AC153)+IF(BF153="",0,BF153) -> 0 | AS8: =IF(BJ38="",0,BJ38)+IF(AG153="",0,AG153)+IF(BJ153="",0,BJ153) -> 0 | AW8: =IF(AO8=0,0,ROUNDDOWN(AO8/AS8,3)) -> 0 | BF8: =IF(CX153="",0,CX153)+IF(AC176="",0,AC176) -> 0 | BJ8: =IF(DB153="",0,DB153)+IF(AG176="",0,AG176) -> 0 | BN8: =IF(BF8=0,0,ROUNDDOWN(BF8/BJ8,3)) -> 0 | BW8: =IF(CX38="",0,CX38)+IF(N69="",0,N69)+IF(N199="",0,N199)+IF(BF199="",0,BF199)+IF(CX199="",0,CX199)+IF(BF176="",0,BF176) -> 50 | CA8: =IF(DB38="",0,DB38)+IF(R69="",0,R69)+IF(R199="",0,R199)+IF(BJ199="",0,BJ199)+IF(DB199="",0,DB199)+IF(BJ176="",0,BJ176) -> 280 | CE8: =IF(BW8=0,0,ROUNDDOWN(BW8/CA8,3)) -> 0.178 | CM8: =IF(BF69="",0,BF69)+IF(AD199="",0,AD199)+IF(BV199="",0,BV199)+IF(DN199="",0,DN199)+IF(CX176="",0,CX176) -> 21 | CQ8: =IF(BJ69="",0,BJ69)+IF(AG199="",0,AG199)+IF(BY199="",0,BY199)+IF(DQ199="",0,DQ199)+IF(DB176="",0,DB176) -> 97 | CU8: =IF(CM8=0,0,ROUNDDOWN(CM8/CQ8,3)) -> 0.216 | DD8: =SUM(BW8+(CM8*0.7)) -> 64.7 | DH8: =SUM(CA8+CQ8) -> 377 | DL8: =IF(DD8=0,0,ROUNDDOWN(DD8/DH8,3)) -> 0.171
A12: Libre | AS12: Cadre | CK12: 3bandes Billard Match
H14: Date | N14: Pts | R14: Rep | U14: Moy. | Y14: Série | AC14: Advers. | AJ14: Equipe | AZ14: Date | BF14: Pts | BJ14: Rep | BM14: Moy. | BQ14: Série | BU14: Advers. | CB14: Equipe | CR14: Date | CX14: Pts | DB14: Rep | DE14: Moy. | DI14: Série | DM14: Advers. | DT14: Equipe
A16: ITC Classique | D16: J 1 | U16: =IF(H16="","",ROUNDDOWN(N16/R16,3)) | AS16: ITC Classique | AV16: J 1 | BM16: =IF(AZ16="","",ROUNDDOWN(BF16/BJ16,3)) | CK16: ITC Classique | CN16: J 1 | CR16: 46041 | CX16: 6 | DB16: 40 | DE16: =IF(CR16="","",ROUNDDOWN(CX16/DB16,3)) -> 0.15 | DI16: 1 | DM16: Biver R. | DT16: DUD2
D18: J 2 | U18: =IF(H18="","",ROUNDDOWN(N18/R18,3)) | AV18: J 2 | BM18: =IF(AZ18="","",ROUNDDOWN(BF18/BJ18,3)) | CN18: J 2 | CR18: 46048 | CX18: 6 | DB18: 40 | DE18: =IF(CR18="","",ROUNDDOWN(CX18/DB18,3)) -> 0.15 | DI18: 2 | DM18: Lejeune F. | DT18: DUD2
D20: J 3 | U20: =IF(H20="","",ROUNDDOWN(N20/R20,3)) | AV20: J 3 | BM20: =IF(AZ20="","",ROUNDDOWN(BF20/BJ20,3)) | CN20: J 3 | DE20: =IF(CR20="","",ROUNDDOWN(CX20/DB20,3))
D22: J 4 | U22: =IF(H22="","",ROUNDDOWN(N22/R22,3)) | AV22: J 4 | BM22: =IF(AZ22="","",ROUNDDOWN(BF22/BJ22,3)) | CN22: J 4 | DE22: =IF(CR22="","",ROUNDDOWN(CX22/DB22,3))
D24: J 5 | U24: =IF(H24="","",ROUNDDOWN(N24/R24,3)) | AV24: J 5 | BM24: =IF(AZ24="","",ROUNDDOWN(BF24/BJ24,3)) | CN24: J 5 | DE24: =IF(CR24="","",ROUNDDOWN(CX24/DB24,3))
D26: J 6 | U26: =IF(H26="","",ROUNDDOWN(N26/R26,3)) | AV26: J 6 | BM26: =IF(AZ26="","",ROUNDDOWN(BF26/BJ26,3)) | CN26: J 6 | DE26: =IF(CR26="","",ROUNDDOWN(CX26/DB26,3))
D28: J7 | U28: =IF(H28="","",ROUNDDOWN(N28/R28,3)) | AV28: J7 | BM28: =IF(AZ28="","",ROUNDDOWN(BF28/BJ28,3)) | CN28: J7 | DE28: =IF(CR28="","",ROUNDDOWN(CX28/DB28,3))
D30: J8 | U30: =IF(H30="","",ROUNDDOWN(N30/R30,3)) | AV30: J8 | BM30: =IF(AZ30="","",ROUNDDOWN(BF30/BJ30,3)) | CN30: J8 | DE30: =IF(CR30="","",ROUNDDOWN(CX30/DB30,3))
D32: J9 | U32: =IF(H32="","",ROUNDDOWN(N32/R32,3)) | AV32: J9 | BM32: =IF(AZ32="","",ROUNDDOWN(BF32/BJ32,3)) | CN32: J9 | DE32: =IF(CR32="","",ROUNDDOWN(CX32/DB32,3))
D34: J10 | U34: =IF(H34="","",ROUNDDOWN(N34/R34,3)) | AV34: J10 | BM34: =IF(AZ34="","",ROUNDDOWN(BF34/BJ34,3)) | CN34: J10 | DE34: =IF(CR34="","",ROUNDDOWN(CX34/DB34,3))
N36: =SUM(N16:Q35) -> 0 | U36: =IF(H36="","",ROUNDDOWN(N36/R36,3)) | BF36: =SUM(BF16:BI35) -> 0 | BM36: =IF(AZ36="","",ROUNDDOWN(BF36/BJ36,3)) | CX36: =SUM(CX16:DA35) -> 12 | DE36: =IF(CR36="","",ROUNDDOWN(CX36/DB36,3))
H38: =IF(N36=0,"","Total") | N38: =IF(H38="","",SUM(N16:Q35)) | R38: =IF(H38="","",SUM(R16:T35)) | U38: =IF(H38="","",ROUNDDOWN(N38/R38,3)) | AZ38: =IF(BF36=0,"","Total") | BF38: =IF(AZ38="","",SUM(BF16:BI35)) | BJ38: =IF(AZ38="","",SUM(BJ16:BL35)) | BM38: =IF(AZ38="","",ROUNDDOWN(BF38/BJ38,3)) | CR38: =IF(CX36=0,"","Total") -> Total | CX38: =IF(CR38="","",SUM(CX16:DA35)) -> 12 | DB38: =IF(CR38="","",SUM(DB16:DD35)) -> 80 | DE38: =IF(CR38="","",ROUNDDOWN(CX38/DB38,3)) -> 0.15
A43: 3bandes Billard Match | AS43: 3bandes Billard 1/4 match
H45: Date | N45: Pts | R45: Rep | U45: Moy. | Y45: Série | AC45: Advers. | AJ45: Equipe | AZ45: Date | BF45: Pts | BJ45: Rep | BM45: Moy. | BQ45: Série | BU45: Advers. | CB45: Equipe
A47: ITC 3bandes | D47: J 1 | U47: =IF(H47="","",ROUNDDOWN(N47/R47,3)) | AS47: ITC 3bandes | AV47: J 1 | BM47: =IF(AZ47="","",ROUNDDOWN(BF47/BJ47,3))
D49: J 2 | U49: =IF(H49="","",ROUNDDOWN(N49/R49,3)) | AV49: J 2 | BM49: =IF(AZ49="","",ROUNDDOWN(BF49/BJ49,3))
D51: J 3 | U51: =IF(H51="","",ROUNDDOWN(N51/R51,3)) | AV51: J 3 | BM51: =IF(AZ51="","",ROUNDDOWN(BF51/BJ51,3))
D53: J 4 | U53: =IF(H53="","",ROUNDDOWN(N53/R53,3)) | AV53: J 4 | BM53: =IF(AZ53="","",ROUNDDOWN(BF53/BJ53,3))
D55: J 5 | U55: =IF(H55="","",ROUNDDOWN(N55/R55,3)) | AV55: J 5 | BM55: =IF(AZ55="","",ROUNDDOWN(BF55/BJ55,3))
D57: J 6 | U57: =IF(H57="","",ROUNDDOWN(N57/R57,3)) | AV57: J 6 | BM57: =IF(AZ57="","",ROUNDDOWN(BF57/BJ57,3))
D59: J7 | U59: =IF(H59="","",ROUNDDOWN(N59/R59,3)) | AV59: J7 | BM59: =IF(AZ59="","",ROUNDDOWN(BF59/BJ59,3))
D61: J8 | U61: =IF(H61="","",ROUNDDOWN(N61/R61,3)) | AV61: J8 | BM61: =IF(AZ61="","",ROUNDDOWN(BF61/BJ61,3))
D63: J9 | H63: 45978 | N63: 6 | R63: 40 | U63: =IF(H63="","",ROUNDDOWN(N63/R63,3)) -> 0.15 | Y63: 2 | AC63: Cruz J. | AJ63: DUD2 | AV63: J9 | BM63: =IF(AZ63="","",ROUNDDOWN(BF63/BJ63,3))
D65: J10 | U65: =IF(H65="","",ROUNDDOWN(N65/R65,3)) | AV65: J10 | AZ65: 45992 | BF65: 13 | BJ65: 40 | BM65: =IF(AZ65="","",ROUNDDOWN(BF65/BJ65,3)) -> 0.325 | BQ65: 2 | BU65: D'Hoest F. | CB65: DUD2
N67: =SUM(N47:Q66) -> 6 | U67: =IF(H67="","",ROUNDDOWN(N67/R67,3)) | BF67: =SUM(BF47:BI66) -> 13 | BM67: =IF(AZ67="","",ROUNDDOWN(BF67/BJ67,3))
H69: =IF(N67=0,"","Total") -> Total | N69: =IF(H69="","",SUM(N47:Q66)) -> 6 | R69: =IF(H69="","",SUM(R47:T66)) -> 40 | U69: =IF(H69="","",ROUNDDOWN(N69/R69,3)) -> 0.15 | AZ69: =IF(BF67=0,"","Total") -> Total | BF69: =IF(AZ69="","",SUM(BF47:BI66)) -> 13 | BJ69: =IF(AZ69="","",SUM(BJ47:BL66)) -> 40 | BM69: =IF(AZ69="","",ROUNDDOWN(BF69/BJ69,3)) -> 0.325
A112: Individuel Libre Match | AS112: Individuel Libre 1/4match | CK112: Individuel Handycap
H114: Date | N114: Pts | R114: Rep | U114: Moy. | Y114: Série | AC114: Advers. | AJ114: Equipe | AZ114: Date | BF114: Pts | BJ114: Rep | BM114: Moy. | BQ114: Série | BU114: Advers. | CB114: Equipe | CR114: Date | CX114: Pts | DB114: Rep | DE114: Moy. | DI114: Série | DM114: Advers. | DT114: Equipe
U116: =IF(H116="","",ROUNDDOWN(N116/R116,3)) | BM116: =IF(AZ116="","",ROUNDDOWN(BF116/BJ116,3)) | DE116: =IF(CR116="","",ROUNDDOWN(CX116/DB116,3))
U118: =IF(H118="","",ROUNDDOWN(N118/R118,3)) | BM118: =IF(AZ118="","",ROUNDDOWN(BF118/BJ118,3)) | DE118: =IF(CR118="","",ROUNDDOWN(CX118/DB118,3))
U120: =IF(H120="","",ROUNDDOWN(N120/R120,3)) | BM120: =IF(AZ120="","",ROUNDDOWN(BF120/BJ120,3)) | DE120: =IF(CR120="","",ROUNDDOWN(CX120/DB120,3))
U122: =IF(H122="","",ROUNDDOWN(N122/R122,3)) | BM122: =IF(AZ122="","",ROUNDDOWN(BF122/BJ122,3)) | DE122: =IF(CR122="","",ROUNDDOWN(CX122/DB122,3))
U124: =IF(H124="","",ROUNDDOWN(N124/R124,3)) | BM124: =IF(AZ124="","",ROUNDDOWN(BF124/BJ124,3)) | DE124: =IF(CR124="","",ROUNDDOWN(CX124/DB124,3))
U126: =IF(H126="","",ROUNDDOWN(N126/R126,3)) | BM126: =IF(AZ126="","",ROUNDDOWN(BF126/BJ126,3)) | DE126: =IF(CR126="","",ROUNDDOWN(CX126/DB126,3))
N128: =SUM(N116:Q127) -> 0 | U128: =IF(H128="","",ROUNDDOWN(N128/R128,3)) | BF128: =SUM(BF116:BI127) -> 0 | BM128: =IF(AZ128="","",ROUNDDOWN(BF128/BJ128,3)) | CX128: =SUM(CX116:DA127) -> 0 | DE128: =IF(CR128="","",ROUNDDOWN(CX128/DB128,3))
H130: =IF(N128=0,"","Total") | N130: =IF(H130="","",SUM(N116:Q127)) | R130: =IF(H130="","",SUM(R116:T127)) | U130: =IF(H130="","",ROUNDDOWN(N130/R130,3)) | Y130: 1/4 | AD130: =IF(N130="","",N130*1.5) | AG130: =R130 | AJ130: =IF(AD130="","",ROUNDDOWN(AD130/AG130,3)) | AZ130: =IF(BF128=0,"","Total") | BF130: =IF(AZ130="","",SUM(BF116:BI127)) | BJ130: =IF(AZ130="","",SUM(BJ116:BL127)) | BM130: =IF(AZ130="","",ROUNDDOWN(BF130/BJ130,3)) | CR130: =IF(CX128=0,"","Total") | CX130: =IF(CR130="","",SUM(CX116:DA127)) | DB130: =IF(CR130="","",SUM(DB116:DD127)) | DE130: =IF(CR130="","",ROUNDDOWN(CX130/DB130,3))
A135: Individuel Cadre 47/2 | AS135: Individuel Cadre 38/2 | CK135: Individuel 1 bande
H137: Date | N137: Pts | R137: Rep | U137: Moy. | Y137: Série | AC137: Advers. | AJ137: Equipe | AZ137: Date | BF137: Pts | BJ137: Rep | BM137: Moy. | BQ137: Série | BU137: Advers. | CB137: Equipe | CR137: Date | CX137: Pts | DB137: Rep | DE137: Moy. | DI137: Série | DM137: Advers. | DT137: Equipe
U139: =IF(H139="","",ROUNDDOWN(N139/R139,3)) | BM139: =IF(AZ139="","",ROUNDDOWN(BF139/BJ139,3)) | DE139: =IF(CR139="","",ROUNDDOWN(CX139/DB139,3))
U141: =IF(H141="","",ROUNDDOWN(N141/R141,3)) | BM141: =IF(AZ141="","",ROUNDDOWN(BF141/BJ141,3)) | DE141: =IF(CR141="","",ROUNDDOWN(CX141/DB141,3))
U143: =IF(H143="","",ROUNDDOWN(N143/R143,3)) | BM143: =IF(AZ143="","",ROUNDDOWN(BF143/BJ143,3)) | DE143: =IF(CR143="","",ROUNDDOWN(CX143/DB143,3))
U145: =IF(H145="","",ROUNDDOWN(N145/R145,3)) | BM145: =IF(AZ145="","",ROUNDDOWN(BF145/BJ145,3)) | DE145: =IF(CR145="","",ROUNDDOWN(CX145/DB145,3))
U147: =IF(H147="","",ROUNDDOWN(N147/R147,3)) | BM147: =IF(AZ147="","",ROUNDDOWN(BF147/BJ147,3)) | DE147: =IF(CR147="","",ROUNDDOWN(CX147/DB147,3))
U149: =IF(H149="","",ROUNDDOWN(N149/R149,3)) | BM149: =IF(AZ149="","",ROUNDDOWN(BF149/BJ149,3)) | DE149: =IF(CR149="","",ROUNDDOWN(CX149/DB149,3))
N151: =SUM(N139:Q150) -> 0 | U151: =IF(H151="","",ROUNDDOWN(N151/R151,3)) | BF151: =SUM(BF139:BI150) -> 0 | BM151: =IF(AZ151="","",ROUNDDOWN(BF151/BJ151,3)) | CX151: =SUM(CX139:DA150) -> 0 | DE151: =IF(CR151="","",ROUNDDOWN(CX151/DB151,3))
H153: =IF(N151=0,"","Total") | N153: =IF(H153="","",SUM(N139:Q150)) | R153: =IF(H153="","",SUM(R139:T150)) | U153: =IF(H153="","",ROUNDDOWN(N153/R153,3)) | Y153: 1/4 | AC153: =IF(N153="","",N153*1.5) | AG153: =R153 | AJ153: =IF(AC153="","",ROUNDDOWN(AC153/AG153,3)) | AZ153: =IF(BF151=0,"","Total") | BF153: =IF(AZ153="","",SUM(BF139:BI150)) | BJ153: =IF(AZ153="","",SUM(BJ139:BL150)) | BM153: =IF(AZ153="","",ROUNDDOWN(BF153/BJ153,3)) | CR153: =IF(CX151=0,"","Total") | CX153: =IF(CR153="","",SUM(CX139:DA150)) | DB153: =IF(CR153="","",SUM(DB139:DD150)) | DE153: =IF(CR153="","",ROUNDDOWN(CX153/DB153,3))
A158: Individuel 1 bande Match | AS158: Individuel 3bandes Match | CK158: Individuel 3bandes 1/4 match
H160: Date | N160: Pts | R160: Rep | U160: Moy. | Y160: Série | AC160: Advers. | AJ160: Equipe | AS160: 2. | AV160: Cat 2 | AZ160: Date | BF160: Pts | BJ160: Rep | BM160: Moy. | BQ160: Série | BU160: Advers. | CB160: Equipe | CK160: 2. | CN160: Cat2 | CR160: Date | CX160: Pts | DB160: Rep | DE160: Moy. | DI160: Série | DM160: Advers. | DT160: Equipe
U162: =IF(H162="","",ROUNDDOWN(N162/R162,3)) | AS162: Amaro F. | AZ162: 45951 | BF162: 6 | BJ162: 40 | BM162: =IF(AZ162="","",ROUNDDOWN(BF162/BJ162,3)) -> 0.15 | BQ162: 1 | BU162: Amaro F. | CB162: 1. tdj | CK162: Amaro F. | CR162: 45917 | CX162: 4 | DB162: 34 | DE162: =IF(CR162="","",ROUNDDOWN(CX162/DB162,3)) -> 0.117 | DI162: 1 | DM162: Amaro F. | DT162: 1.tdj
U164: =IF(H164="","",ROUNDDOWN(N164/R164,3)) | AS164: Borneque F. | AZ164: 45951 | BF164: 12 | BJ164: 40 | BM164: =IF(AZ164="","",ROUNDDOWN(BF164/BJ164,3)) -> 0.3 | BQ164: 2 | BU164: De Matos R. | CB164: 1. tdj | CK164: Borneque F. | CR164: 45924 | CX164: 4 | DB164: 23 | DE164: =IF(CR164="","",ROUNDDOWN(CX164/DB164,3)) -> 0.173 | DI164: 1 | DM164: Amaro F. | DT164: 2.tdj
U166: =IF(H166="","",ROUNDDOWN(N166/R166,3)) | AS166: De Matos R. | AZ166: 45958 | BF166: 8 | BJ166: 40 | BM166: =IF(AZ166="","",ROUNDDOWN(BF166/BJ166,3)) -> 0.2 | BQ166: 2 | BU166: Amaro F. | CB166: 2. tdj | DE166: =IF(CR166="","",ROUNDDOWN(CX166/DB166,3))
U168: =IF(H168="","",ROUNDDOWN(N168/R168,3)) | AZ168: 45958 | BF168: 6 | BJ168: 40 | BM168: =IF(AZ168="","",ROUNDDOWN(BF168/BJ168,3)) -> 0.15 | BQ168: 1 | BU168: De Matos R. | CB168: 2. tdj | DE168: =IF(CR168="","",ROUNDDOWN(CX168/DB168,3))
U170: =IF(H170="","",ROUNDDOWN(N170/R170,3)) | BM170: =IF(AZ170="","",ROUNDDOWN(BF170/BJ170,3)) | DE170: =IF(CR170="","",ROUNDDOWN(CX170/DB170,3))
U172: =IF(H172="","",ROUNDDOWN(N172/R172,3)) | BM172: =IF(AZ172="","",ROUNDDOWN(BF172/BJ172,3)) | DE172: =IF(CR172="","",ROUNDDOWN(CX172/DB172,3))
N174: =SUM(N162:Q173) -> 0 | U174: =IF(H174="","",ROUNDDOWN(N174/R174,3)) | BF174: =SUM(BF162:BI173) -> 32 | BM174: =IF(AZ174="","",ROUNDDOWN(BF174/BJ174,3)) | CX174: =SUM(CX162:DA173) -> 8 | DE174: =IF(CR174="","",ROUNDDOWN(CX174/DB174,3))
H176: =IF(N174=0,"","Total") | N176: =IF(H176="","",SUM(N162:Q173)) | R176: =IF(H176="","",SUM(R162:T173)) | U176: =IF(H176="","",ROUNDDOWN(N176/R176,3)) | Y176: 1/4 | AC176: =IF(N176="","",N176*1.5) | AG176: =R176 | AJ176: =IF(AC176="","",ROUNDDOWN(AC176/AG176,3)) | AZ176: =IF(BF174=0,"","Total") -> Total | BF176: =IF(AZ176="","",SUM(BF162:BI173)) -> 32 | BJ176: =IF(AZ176="","",SUM(BJ162:BL173)) -> 160 | BM176: =IF(AZ176="","",ROUNDDOWN(BF176/BJ176,3)) -> 0.2 | CR176: =IF(CX174=0,"","Total") -> Total | CX176: =IF(CR176="","",SUM(CX162:DA173)) -> 8 | DB176: =IF(CR176="","",SUM(DB162:DD173)) -> 57 | DE176: =IF(CR176="","",ROUNDDOWN(CX176/DB176,3)) -> 0.14
A181: 1ier Grand Prix 3bandes | AS181: 2ième Grand Prix 3bandes | CK181: 3ième Grand Prix 3bandes
H183: Date | N183: Pts | R183: Rep | U183: Moy. | Y183: Série | AC183: Advers. | AJ183: Billard | AZ183: Date | BF183: Pts | BJ183: Rep | BM183: Moy. | BQ183: Série | BU183: Advers. | CB183: Billard | CR183: Date | CX183: Pts | DB183: Rep | DE183: Moy. | DI183: Série | DM183: Advers. | DT183: Billard
A185: 1er Grand Prix | U185: =IF(H185="","",ROUNDDOWN(N185/R185,3)) | AS185: 2ième Grand Prix | BM185: =IF(AZ185="","",ROUNDDOWN(BF185/BJ185,3)) | CK185: 3ième Grand Prix | DE185: =IF(CR185="","",ROUNDDOWN(CX185/DB185,3))
U187: =IF(H187="","",ROUNDDOWN(N187/R187,3)) | BM187: =IF(AZ187="","",ROUNDDOWN(BF187/BJ187,3)) | DE187: =IF(CR187="","",ROUNDDOWN(CX187/DB187,3))
U189: =IF(H189="","",ROUNDDOWN(N189/R189,3)) | BM189: =IF(AZ189="","",ROUNDDOWN(BF189/BJ189,3)) | DE189: =IF(CR189="","",ROUNDDOWN(CX189/DB189,3))
U191: =IF(H191="","",ROUNDDOWN(N191/R191,3)) | BM191: =IF(AZ191="","",ROUNDDOWN(BF191/BJ191,3)) | DE191: =IF(CR191="","",ROUNDDOWN(CX191/DB191,3))
U193: =IF(H193="","",ROUNDDOWN(N193/R193,3)) | BM193: =IF(AZ193="","",ROUNDDOWN(BF193/BJ193,3)) | DE193: =IF(CR193="","",ROUNDDOWN(CX193/DB193,3))
U195: =IF(H195="","",ROUNDDOWN(N195/R195,3)) | BM195: =IF(AZ195="","",ROUNDDOWN(BF195/BJ195,3)) | DE195: =IF(CR195="","",ROUNDDOWN(CX195/DB195,3))
N197: =SUM(N185:Q196) -> 0 | U197: =IF(H197="","",ROUNDDOWN(N197/R197,3)) | BF197: =SUM(BF185:BI196) -> 0 | BM197: =IF(AZ197="","",ROUNDDOWN(BF197/BJ197,3)) | CX197: =SUM(CX185:DA196) -> 0 | DE197: =IF(CR197="","",ROUNDDOWN(CX197/DB197,3))
H199: =IF(N197=0,"","Total") | N199: =IF(H199="","",SUM(N185:Q196)) | R199: =IF(H199="","",SUM(R185:T196)) | U199: =IF(H199="","",ROUNDDOWN(N199/R199,3)) | Y199: 1/4 | AJ199: =IF(AD199="","",ROUNDDOWN(AD199/AG199,3)) | AZ199: =IF(BF197=0,"","Total") | BF199: =IF(AZ199="","",SUM(BF185:BI196)) | BJ199: =IF(AZ199="","",SUM(BJ185:BL196)) | BM199: =IF(AZ199="","",ROUNDDOWN(BF199/BJ199,3)) | BQ199: 1/4 | CB199: =IF(BV199="","",ROUNDDOWN(BV199/BY199,3)) | CR199: =IF(CX197=0,"","Total") | CX199: =IF(CR199="","",SUM(CX185:DA196)) | DB199: =IF(CR199="","",SUM(DB185:DD196)) | DE199: =IF(CR199="","",ROUNDDOWN(CX199/DB199,3)) | DI199: 1/4 | DT199: =IF(DN199="","",ROUNDDOWN(DN199/DQ199,3))
A204: Coupe
H206: Date | N206: Pts | R206: Rep | U206: Moy. | Y206: Série | AC206: Advers. | AJ206: Equipe
U208: =IF(H208="","",ROUNDDOWN(N208/R208,3))
U210: =IF(H210="","",ROUNDDOWN(N210/R210,3))
U212: =IF(H212="","",ROUNDDOWN(N212/R212,3))
U214: =IF(H214="","",ROUNDDOWN(N214/R214,3))
U216: =IF(H216="","",ROUNDDOWN(N216/R216,3))
U218: =IF(H218="","",ROUNDDOWN(N218/R218,3))
N220: =SUM(N208:Q219) -> 0 | U220: =IF(H220="","",ROUNDDOWN(N220/R220,3))
H222: =IF(N220=0,"","Total") | N222: =IF(H222="","",SUM(N208:Q219)) | R222: =IF(H222="","",SUM(R208:T219)) | U222: =IF(H222="","",ROUNDDOWN(N222/R222,3))

Sheet De Matos
A1: De Matos Ricardo
H6: Catégorie | Y6: Libre | AO6: Cadre | BF6: 1bande | BW6: 3bandes Match | CM6: 3bandes 1/4match | DD6: 3bandes Match conv.
H8: Pts | L8: Rep | P8: Moy | Y8: =IF(N38="",0,N38)+IF(AD130="",0,AD130)+IF(BF130="",0,BF130)+IF(CX130="",0,CX130) -> 29 | AC8: =IF(R38="",0,R38)+IF(AG130="",0,AG130)+IF(BJ130="",0,BJ130)+IF(DB130="",0,DB130) -> 20 | AG8: =IF(Y8=0,0,ROUNDDOWN(Y8/AC8,3)) -> 1.45 | AO8: =IF(BF38="",0,BF38)+IF(AC153="",0,AC153)+IF(BF153="",0,BF153) -> 0 | AS8: =IF(BJ38="",0,BJ38)+IF(AG153="",0,AG153)+IF(BJ153="",0,BJ153) -> 0 | AW8: =IF(AO8=0,0,ROUNDDOWN(AO8/AS8,3)) -> 0 | BF8: =IF(CX153="",0,CX153)+IF(AC176="",0,AC176) -> 0 | BJ8: =IF(DB153="",0,DB153)+IF(AG176="",0,AG176) -> 0 | BN8: =IF(BF8=0,0,ROUNDDOWN(BF8/BJ8,3)) -> 0 | BW8: =IF(CX38="",0,CX38)+IF(N69="",0,N69)+IF(N199="",0,N199)+IF(BF199="",0,BF199)+IF(CX199="",0,CX199)+IF(BF176="",0,BF176) -> 42 | CA8: =IF(DB38="",0,DB38)+IF(R69="",0,R69)+IF(R199="",0,R199)+IF(BJ199="",0,BJ199)+IF(DB199="",0,DB199)+IF(BJ176="",0,BJ176) -> 240 | CE8: =IF(BW8=0,0,ROUNDDOWN(BW8/CA8,3)) -> 0.175 | CM8: =IF(BF69="",0,BF69)+IF(AD199="",0,AD199)+IF(BV199="",0,BV199)+IF(DN199="",0,DN199)+IF(CX176="",0,CX176) -> 35 | CQ8: =IF(BJ69="",0,BJ69)+IF(AG199="",0,AG199)+IF(BY199="",0,BY199)+IF(DQ199="",0,DQ199)+IF(DB176="",0,DB176) -> 120 | CU8: =IF(CM8=0,0,ROUNDDOWN(CM8/CQ8,3)) -> 0.291 | DD8: =SUM(BW8+(CM8*0.7)) -> 66.5 | DH8: =SUM(CA8+CQ8) -> 360 | DL8: =IF(DD8=0,0,ROUNDDOWN(DD8/DH8,3)) -> 0.184
A12: Libre | AS12: Cadre | CK12: 3bandes Billard Match
H14: Date | N14: Pts | R14: Rep | U14: Moy. | Y14: Série | AC14: Advers. | AJ14: Equipe | AZ14: Date | BF14: Pts | BJ14: Rep | BM14: Moy. | BQ14: Série | BU14: Advers. | CB14: Equipe | CR14: Date | CX14: Pts | DB14: Rep | DE14: Moy. | DI14: Série | DM14: Advers. | DT14: Equipe
A16: ITC Classique | D16: J 1 | H16: 46041 | N16: 29 | R16: 20 | U16: =IF(H16="","",ROUNDDOWN(N16/R16,3)) -> 1.45 | Y16: 5 | AC16: Pallucca C. | AJ16: DUD2 | AS16: ITC Classique | AV16: J 1 | BM16: =IF(AZ16="","",ROUNDDOWN(BF16/BJ16,3)) | CK16: ITC Classique | CN16: J 1 | DE16: =IF(CR16="","",ROUNDDOWN(CX16/DB16,3))
D18: J 2 | U18: =IF(H18="","",ROUNDDOWN(N18/R18,3)) | AV18: J 2 | BM18: =IF(AZ18="","",ROUNDDOWN(BF18/BJ18,3)) | CN18: J 2 | DE18: =IF(CR18="","",ROUNDDOWN(CX18/DB18,3))
D20: J 3 | U20: =IF(H20="","",ROUNDDOWN(N20/R20,3)) | AV20: J 3 | BM20: =IF(AZ20="","",ROUNDDOWN(BF20/BJ20,3)) | CN20: J 3 | DE20: =IF(CR20="","",ROUNDDOWN(CX20/DB20,3))
D22: J 4 | U22: =IF(H22="","",ROUNDDOWN(N22/R22,3)) | AV22: J 4 | BM22: =IF(AZ22="","",ROUNDDOWN(BF22/BJ22,3)) | CN22: J 4 | DE22: =IF(CR22="","",ROUNDDOWN(CX22/DB22,3))
D24: J 5 | U24: =IF(H24="","",ROUNDDOWN(N24/R24,3)) | AV24: J 5 | BM24: =IF(AZ24="","",ROUNDDOWN(BF24/BJ24,3)) | CN24: J 5 | DE24: =IF(CR24="","",ROUNDDOWN(CX24/DB24,3))
D26: J 6 | U26: =IF(H26="","",ROUNDDOWN(N26/R26,3)) | AV26: J 6 | BM26: =IF(AZ26="","",ROUNDDOWN(BF26/BJ26,3)) | CN26: J 6 | DE26: =IF(CR26="","",ROUNDDOWN(CX26/DB26,3))
D28: J7 | U28: =IF(H28="","",ROUNDDOWN(N28/R28,3)) | AV28: J7 | BM28: =IF(AZ28="","",ROUNDDOWN(BF28/BJ28,3)) | CN28: J7 | DE28: =IF(CR28="","",ROUNDDOWN(CX28/DB28,3))
D30: J8 | U30: =IF(H30="","",ROUNDDOWN(N30/R30,3)) | AV30: J8 | BM30: =IF(AZ30="","",ROUNDDOWN(BF30/BJ30,3)) | CN30: J8 | DE30: =IF(CR30="","",ROUNDDOWN(CX30/DB30,3))
D32: J9 | U32: =IF(H32="","",ROUNDDOWN(N32/R32,3)) | AV32: J9 | BM32: =IF(AZ32="","",ROUNDDOWN(BF32/BJ32,3)) | CN32: J9 | DE32: =IF(CR32="","",ROUNDDOWN(CX32/DB32,3))
D34: J10 | U34: =IF(H34="","",ROUNDDOWN(N34/R34,3)) | AV34: J10 | BM34: =IF(AZ34="","",ROUNDDOWN(BF34/BJ34,3)) | CN34: J10 | DE34: =IF(CR34="","",ROUNDDOWN(CX34/DB34,3))
N36: =SUM(N16:Q35) -> 29 | U36: =IF(H36="","",ROUNDDOWN(N36/R36,3)) | BF36: =SUM(BF16:BI35) -> 0 | BM36: =IF(AZ36="","",ROUNDDOWN(BF36/BJ36,3)) | CX36: =SUM(CX16:DA35) -> 0 | DE36: =IF(CR36="","",ROUNDDOWN(CX36/DB36,3))
H38: =IF(N36=0,"","Total") -> Total | N38: =IF(H38="","",SUM(N16:Q35)) -> 29 | R38: =IF(H38="","",SUM(R16:T35)) -> 20 | U38: =IF(H38="","",ROUNDDOWN(N38/R38,3)) -> 1.45 | AZ38: =IF(BF36=0,"","Total") | BF38: =IF(AZ38="","",SUM(BF16:BI35)) | BJ38: =IF(AZ38="","",SUM(BJ16:BL35)) | BM38: =IF(AZ38="","",ROUNDDOWN(BF38/BJ38,3)) | CR38: =IF(CX36=0,"","Total") | CX38: =IF(CR38="","",SUM(CX16:DA35)) | DB38: =IF(CR38="","",SUM(DB16:DD35)) | DE38: =IF(CR38="","",ROUNDDOWN(CX38/DB38,3))
A43: 3bandes Billard Match | AS43: 3bandes Billard 1/4 match
H45: Date | N45: Pts | R45: Rep | U45: Moy. | Y45: Série | AC45: Advers. | AJ45: Equipe | AZ45: Date | BF45: Pts | BJ45: Rep | BM45: Moy. | BQ45: Série | BU45: Advers. | CB45: Equipe
A47: ITC 3bandes | D47: J 1 | U47: =IF(H47="","",ROUNDDOWN(N47/R47,3)) | AS47: ITC 3bandes | AV47: J 1 | BM47: =IF(AZ47="","",ROUNDDOWN(BF47/BJ47,3))
D49: J 2 | U49: =IF(H49="","",ROUNDDOWN(N49/R49,3)) | AV49: J 2 | BM49: =IF(AZ49="","",ROUNDDOWN(BF49/BJ49,3))
D51: J 3 | U51: =IF(H51="","",ROUNDDOWN(N51/R51,3)) | AV51: J 3 | AZ51: 45929 | BF51: 11 | BJ51: 40 | BM51: =IF(AZ51="","",ROUNDDOWN(BF51/BJ51,3)) -> 0.275 | BQ51: 3 | BU51: Jeronimo J. | CB51: DUD2
D53: J 4 | U53: =IF(H53="","",ROUNDDOWN(N53/R53,3)) | AV53: J 4 | AZ53: 45936 | BF53: 17 | BJ53: 40 | BM53: =IF(AZ53="","",ROUNDDOWN(BF53/BJ53,3)) -> 0.425 | BQ53: 4 | BU53: Gül A. | CB53: DUD2
D55: J 5 | U55: =IF(H55="","",ROUNDDOWN(N55/R55,3)) | AV55: J 5 | BM55: =IF(AZ55="","",ROUNDDOWN(BF55/BJ55,3))
D57: J 6 | H57: 45950 | N57: 8 | R57: 40 | U57: =IF(H57="","",ROUNDDOWN(N57/R57,3)) -> 0.2 | Y57: 3 | AC57: Biver R. | AJ57: DUD2 | AV57: J 6 | BM57: =IF(AZ57="","",ROUNDDOWN(BF57/BJ57,3))
D59: J7 | H59: 45957 | N59: 4 | R59: 40 | U59: =IF(H59="","",ROUNDDOWN(N59/R59,3)) -> 0.1 | Y59: 1 | AC59: Lejeune F. | AJ59: DUD2 | AV59: J7 | BM59: =IF(AZ59="","",ROUNDDOWN(BF59/BJ59,3))
D61: J8 | U61: =IF(H61="","",ROUNDDOWN(N61/R61,3)) | AV61: J8 | AZ61: 45971 | BF61: 7 | BJ61: 40 | BM61: =IF(AZ61="","",ROUNDDOWN(BF61/BJ61,3)) -> 0.175 | BQ61: 2 | BU61: Jeronimo J. | CB61: DUD2
D63: J9 | U63: =IF(H63="","",ROUNDDOWN(N63/R63,3)) | AV63: J9 | BM63: =IF(AZ63="","",ROUNDDOWN(BF63/BJ63,3))
D65: J10 | U65: =IF(H65="","",ROUNDDOWN(N65/R65,3)) | AV65: J10 | BM65: =IF(AZ65="","",ROUNDDOWN(BF65/BJ65,3))
N67: =SUM(N47:Q66) -> 12 | U67: =IF(H67="","",ROUNDDOWN(N67/R67,3)) | BF67: =SUM(BF47:BI66) -> 35 | BM67: =IF(AZ67="","",ROUNDDOWN(BF67/BJ67,3))
H69: =IF(N67=0,"","Total") -> Total | N69: =IF(H69="","",SUM(N47:Q66)) -> 12 | R69: =IF(H69="","",SUM(R47:T66)) -> 80 | U69: =IF(H69="","",ROUNDDOWN(N69/R69,3)) -> 0.15 | AZ69: =IF(BF67=0,"","Total") -> Total | BF69: =IF(AZ69="","",SUM(BF47:BI66)) -> 35 | BJ69: =IF(AZ69="","",SUM(BJ47:BL66)) -> 120 | BM69: =IF(AZ69="","",ROUNDDOWN(BF69/BJ69,3)) -> 0.291
A112: Individuel Libre Match | AS112: Individuel Libre 1/4match | CK112: Individuel Handycap
H114: Date | N114: Pts | R114: Rep | U114: Moy. | Y114: Série | AC114: Advers. | AJ114: Equipe | AZ114: Date | BF114: Pts | BJ114: Rep | BM114: Moy. | BQ114: Série | BU114: Advers. | CB114: Equipe | CR114: Date | CX114: Pts | DB114: Rep | DE114: Moy. | DI114: Série | DM114: Advers. | DT114: Equipe
U116: =IF(H116="","",ROUNDDOWN(N116/R116,3)) | BM116: =IF(AZ116="","",ROUNDDOWN(BF116/BJ116,3)) | DE116: =IF(CR116="","",ROUNDDOWN(CX116/DB116,3))
U118: =IF(H118="","",ROUNDDOWN(N118/R118,3)) | BM118: =IF(AZ118="","",ROUNDDOWN(BF118/BJ118,3)) | DE118: =IF(CR118="","",ROUNDDOWN(CX118/DB118,3))
U120: =IF(H120="","",ROUNDDOWN(N120/R120,3)) | BM120: =IF(AZ120="","",ROUNDDOWN(BF120/BJ120,3)) | DE120: =IF(CR120="","",ROUNDDOWN(CX120/DB120,3))
U122: =IF(H122="","",ROUNDDOWN(N122/R122,3)) | BM122: =IF(AZ122="","",ROUNDDOWN(BF122/BJ122,3)) | DE122: =IF(CR122="","",ROUNDDOWN(CX122/DB122,3))
U124: =IF(H124="","",ROUNDDOWN(N124/R124,3)) | BM124: =IF(AZ124="","",ROUNDDOWN(BF124/BJ124,3)) | DE124: =IF(CR124="","",ROUNDDOWN(CX124/DB124,3))
U126: =IF(H126="","",ROUNDDOWN(N126/R126,3)) | BM126: =IF(AZ126="","",ROUNDDOWN(BF126/BJ126,3)) | DE126: =IF(CR126="","",ROUNDDOWN(CX126/DB126,3))
N128: =SUM(N116:Q127) -> 0 | U128: =IF(H128="","",ROUNDDOWN(N128/R128,3)) | BF128: =SUM(BF116:BI127) -> 0 | BM128: =IF(AZ128="","",ROUNDDOWN(BF128/BJ128,3)) | CX128: =SUM(CX116:DA127) -> 0 | DE128: =IF(CR128="","",ROUNDDOWN(CX128/DB128,3))
H130: =IF(N128=0,"","Total") | N130: =IF(H130="","",SUM(N116:Q127)) | R130: =IF(H130="","",SUM(R116:T127)) | U130: =IF(H130="","",ROUNDDOWN(N130/R130,3)) | Y130: 1/4 | AD130: =IF(N130="","",N130*1.5) | AG130: =R130 | AJ130: =IF(AD130="","",ROUNDDOWN(AD130/AG130,3)) | AZ130: =IF(BF128=0,"","Total") | BF130: =IF(AZ130="","",SUM(BF116:BI127)) | BJ130: =IF(AZ130="","",SUM(BJ116:BL127)) | BM130: =IF(AZ130="","",ROUNDDOWN(BF130/BJ130,3)) | CR130: =IF(CX128=0,"","Total") | CX130: =IF(CR130="","",SUM(CX116:DA127)) | DB130: =IF(CR130="","",SUM(DB116:DD127)) | DE130: =IF(CR130="","",ROUNDDOWN(CX130/DB130,3))
A135: Individuel Cadre 47/2 | AS135: Individuel Cadre 38/2 | CK135: Individuel 1 bande
H137: Date | N137: Pts | R137: Rep | U137: Moy. | Y137: Série | AC137: Advers. | AJ137: Equipe | AZ137: Date | BF137: Pts | BJ137: Rep | BM137: Moy. | BQ137: Série | BU137: Advers. | CB137: Equipe | CR137: Date | CX137: Pts | DB137: Rep | DE137: Moy. | DI137: Série | DM137: Advers. | DT137: Equipe
U139: =IF(H139="","",ROUNDDOWN(N139/R139,3)) | BM139: =IF(AZ139="","",ROUNDDOWN(BF139/BJ139,3)) | DE139: =IF(CR139="","",ROUNDDOWN(CX139/DB139,3))
U141: =IF(H141="","",ROUNDDOWN(N141/R141,3)) | BM141: =IF(AZ141="","",ROUNDDOWN(BF141/BJ141,3)) | DE141: =IF(CR141="","",ROUNDDOWN(CX141/DB141,3))
U143: =IF(H143="","",ROUNDDOWN(N143/R143,3)) | BM143: =IF(AZ143="","",ROUNDDOWN(BF143/BJ143,3)) | DE143: =IF(CR143="","",ROUNDDOWN(CX143/DB143,3))
U145: =IF(H145="","",ROUNDDOWN(N145/R145,3)) | BM145: =IF(AZ145="","",ROUNDDOWN(BF145/BJ145,3)) | DE145: =IF(CR145="","",ROUNDDOWN(CX145/DB145,3))
U147: =IF(H147="","",ROUNDDOWN(N147/R147,3)) | BM147: =IF(AZ147="","",ROUNDDOWN(BF147/BJ147,3)) | DE147: =IF(CR147="","",ROUNDDOWN(CX147/DB147,3))
U149: =IF(H149="","",ROUNDDOWN(N149/R149,3)) | BM149: =IF(AZ149="","",ROUNDDOWN(BF149/BJ149,3)) | DE149: =IF(CR149="","",ROUNDDOWN(CX149/DB149,3))
N151: =SUM(N139:Q150) -> 0 | U151: =IF(H151="","",ROUNDDOWN(N151/R151,3)) | BF151: =SUM(BF139:BI150) -> 0 | BM151: =IF(AZ151="","",ROUNDDOWN(BF151/BJ151,3)) | CX151: =SUM(CX139:DA150) -> 0 | DE151: =IF(CR151="","",ROUNDDOWN(CX151/DB151,3))
H153: =IF(N151=0,"","Total") | N153: =IF(H153="","",SUM(N139:Q150)) | R153: =IF(H153="","",SUM(R139:T150)) | U153: =IF(H153="","",ROUNDDOWN(N153/R153,3)) | Y153: 1/4 | AC153: =IF(N153="","",N153*1.5) | AG153: =R153 | AJ153: =IF(AC153="","",ROUNDDOWN(AC153/AG153,3)) | AZ153: =IF(BF151=0,"","Total") | BF153: =IF(AZ153="","",SUM(BF139:BI150)) | BJ153: =IF(AZ153="","",SUM(BJ139:BL150)) | BM153: =IF(AZ153="","",ROUNDDOWN(BF153/BJ153,3)) | CR153: =IF(CX151=0,"","Total") | CX153: =IF(CR153="","",SUM(CX139:DA150)) | DB153: =IF(CR153="","",SUM(DB139:DD150)) | DE153: =IF(CR153="","",ROUNDDOWN(CX153/DB153,3))
A158: Individuel 1 bande Match | AS158: Individuel 3bandes Match | CK158: Individuel 3bandes 1/4 match
H160: Date | N160: Pts | R160: Rep | U160: Moy. | Y160: Série | AC160: Advers. | AJ160: Equipe | AS160: 3. | AV160: Cat 2 | AZ160: Date | BF160: Pts | BJ160: Rep | BM160: Moy. | BQ160: Série | BU160: Advers. | CB160: Equipe | CR160: Date | CX160: Pts | DB160: Rep | DE160: Moy. | DI160: Série | DM160: Advers. | DT160: Equipe
U162: =IF(H162="","",ROUNDDOWN(N162/R162,3)) | AS162: Amaro F. | AZ162: 45951 | BF162: 6 | BJ162: 40 | BM162: =IF(AZ162="","",ROUNDDOWN(BF162/BJ162,3)) -> 0.15 | BQ162: 1 | BU162: Borneque F. | CB162: 1. tdj | DE162: =IF(CR162="","",ROUNDDOWN(CX162/DB162,3))
U164: =IF(H164="","",ROUNDDOWN(N164/R164,3)) | AS164: Borneque F. | AZ164: 45951 | BF164: 4 | BJ164: 40 | BM164: =IF(AZ164="","",ROUNDDOWN(BF164/BJ164,3)) -> 0.1 | BQ164: 1 | BU164: Amaro F. | CB164: 1. tdj | DE164: =IF(CR164="","",ROUNDDOWN(CX164/DB164,3))
U166: =IF(H166="","",ROUNDDOWN(N166/R166,3)) | AS166: De Matos R. | AZ166: 45958 | BF166: 13 | BJ166: 40 | BM166: =IF(AZ166="","",ROUNDDOWN(BF166/BJ166,3)) -> 0.325 | BQ166: 3 | BU166: Borneque F. | CB166: 2. tdj | DE166: =IF(CR166="","",ROUNDDOWN(CX166/DB166,3))
U168: =IF(H168="","",ROUNDDOWN(N168/R168,3)) | AZ168: 45958 | BF168: 7 | BJ168: 40 | BM168: =IF(AZ168="","",ROUNDDOWN(BF168/BJ168,3)) -> 0.175 | BQ168: 2 | BU168: Amaro F. | CB168: 2. tdj | DE168: =IF(CR168="","",ROUNDDOWN(CX168/DB168,3))
U170: =IF(H170="","",ROUNDDOWN(N170/R170,3)) | BM170: =IF(AZ170="","",ROUNDDOWN(BF170/BJ170,3)) | DE170: =IF(CR170="","",ROUNDDOWN(CX170/DB170,3))
U172: =IF(H172="","",ROUNDDOWN(N172/R172,3)) | BM172: =IF(AZ172="","",ROUNDDOWN(BF172/BJ172,3)) | DE172: =IF(CR172="","",ROUNDDOWN(CX172/DB172,3))
N174: =SUM(N162:Q173) -> 0 | U174: =IF(H174="","",ROUNDDOWN(N174/R174,3)) | BF174: =SUM(BF162:BI173) -> 30 | BM174: =IF(AZ174="","",ROUNDDOWN(BF174/BJ174,3)) | CX174: =SUM(CX162:DA173) -> 0 | DE174: =IF(CR174="","",ROUNDDOWN(CX174/DB174,3))
H176: =IF(N174=0,"","Total") | N176: =IF(H176="","",SUM(N162:Q173)) | R176: =IF(H176="","",SUM(R162:T173)) | U176: =IF(H176="","",ROUNDDOWN(N176/R176,3)) | Y176: 1/4 | AC176: =IF(N176="","",N176*1.5) | AG176: =R176 | AJ176: =IF(AC176="","",ROUNDDOWN(AC176/AG176,3)) | AZ176: =IF(BF174=0,"","Total") -> Total | BF176: =IF(AZ176="","",SUM(BF162:BI173)) -> 30 | BJ176: =IF(AZ176="","",SUM(BJ162:BL173)) -> 160 | BM176: =IF(AZ176="","",ROUNDDOWN(BF176/BJ176,3)) -> 0.187 | CR176: =IF(CX174=0,"","Total") | CX176: =IF(CR176="","",SUM(CX162:DA173)) | DB176: =IF(CR176="","",SUM(DB162:DD173)) | DE176: =IF(CR176="","",ROUNDDOWN(CX176/DB176,3))
A181: 1ier Grand Prix 3bandes | AS181: 2ième Grand Prix 3bandes | CK181: 3ième Grand Prix 3bandes
H183: Date | N183: Pts | R183: Rep | U183: Moy. | Y183: Série | AC183: Advers. | AJ183: Billard | AZ183: Date | BF183: Pts | BJ183: Rep | BM183: Moy. | BQ183: Série | BU183: Advers. | CB183: Billard | CR183: Date | CX183: Pts | DB183: Rep | DE183: Moy. | DI183: Série | DM183: Advers. | DT183: Billard
A185: 1er Grand Prix | U185: =IF(H185="","",ROUNDDOWN(N185/R185,3)) | AS185: 2ième Grand Prix | BM185: =IF(AZ185="","",ROUNDDOWN(BF185/BJ185,3)) | CK185: 3ième Grand Prix | DE185: =IF(CR185="","",ROUNDDOWN(CX185/DB185,3))
U187: =IF(H187="","",ROUNDDOWN(N187/R187,3)) | BM187: =IF(AZ187="","",ROUNDDOWN(BF187/BJ187,3)) | DE187: =IF(CR187="","",ROUNDDOWN(CX187/DB187,3))
U189: =IF(H189="","",ROUNDDOWN(N189/R189,3)) | BM189: =IF(AZ189="","",ROUNDDOWN(BF189/BJ189,3)) | DE189: =IF(CR189="","",ROUNDDOWN(CX189/DB189,3))
U191: =IF(H191="","",ROUNDDOWN(N191/R191,3)) | BM191: =IF(AZ191="","",ROUNDDOWN(BF191/BJ191,3)) | DE191: =IF(CR191="","",ROUNDDOWN(CX191/DB191,3))
U193: =IF(H193="","",ROUNDDOWN(N193/R193,3)) | BM193: =IF(AZ193="","",ROUNDDOWN(BF193/BJ193,3)) | DE193: =IF(CR193="","",ROUNDDOWN(CX193/DB193,3))
U195: =IF(H195="","",ROUNDDOWN(N195/R195,3)) | BM195: =IF(AZ195="","",ROUNDDOWN(BF195/BJ195,3)) | DE195: =IF(CR195="","",ROUNDDOWN(CX195/DB195,3))
N197: =SUM(N185:Q196) -> 0 | U197: =IF(H197="","",ROUNDDOWN(N197/R197,3)) | BF197: =SUM(BF185:BI196) -> 0 | BM197: =IF(AZ197="","",ROUNDDOWN(BF197/BJ197,3)) | CX197: =SUM(CX185:DA196) -> 0 | DE197: =IF(CR197="","",ROUNDDOWN(CX197/DB197,3))
H199: =IF(N197=0,"","Total") | N199: =IF(H199="","",SUM(N185:Q196)) | R199: =IF(H199="","",SUM(R185:T196)) | U199: =IF(H199="","",ROUNDDOWN(N199/R199,3)) | Y199: 1/4 | AJ199: =IF(AD199="","",ROUNDDOWN(AD199/AG199,3)) | AZ199: =IF(BF197=0,"","Total") | BF199: =IF(AZ199="","",SUM(BF185:BI196)) | BJ199: =IF(AZ199="","",SUM(BJ185:BL196)) | BM199: =IF(AZ199="","",ROUNDDOWN(BF199/BJ199,3)) | BQ199: 1/4 | CB199: =IF(BV199="","",ROUNDDOWN(BV199/BY199,3)) | CR199: =IF(CX197=0,"","Total") | CX199: =IF(CR199="","",SUM(CX185:DA196)) | DB199: =IF(CR199="","",SUM(DB185:DD196)) | DE199: =IF(CR199="","",ROUNDDOWN(CX199/DB199,3)) | DI199: 1/4 | DT199: =IF(DN199="","",ROUNDDOWN(DN199/DQ199,3))
A204: Coupe
H206: Date | N206: Pts | R206: Rep | U206: Moy. | Y206: Série | AC206: Advers. | AJ206: Equipe
U208: =IF(H208="","",ROUNDDOWN(N208/R208,3))
U210: =IF(H210="","",ROUNDDOWN(N210/R210,3))
U212: =IF(H212="","",ROUNDDOWN(N212/R212,3))
U214: =IF(H214="","",ROUNDDOWN(N214/R214,3))
U216: =IF(H216="","",ROUNDDOWN(N216/R216,3))
U218: =IF(H218="","",ROUNDDOWN(N218/R218,3))
N220: =SUM(N208:Q219) -> 0 | U220: =IF(H220="","",ROUNDDOWN(N220/R220,3))
H222: =IF(N220=0,"","Total") | N222: =IF(H222="","",SUM(N208:Q219)) | R222: =IF(H222="","",SUM(R208:T219)) | U222: =IF(H222="","",ROUNDDOWN(N222/R222,3))

Sheet Di Leo
A1: Di Leo François
H6: Catégorie | Y6: Libre | AO6: Cadre | BF6: 1bande | BW6: 3bandes Match | CM6: 3bandes 1/4match | DD6: 3bandes Match conv.
H8: Pts | L8: Rep | P8: Moy | Y8: =IF(N38="",0,N38)+IF(AD130="",0,AD130)+IF(BF130="",0,BF130)+IF(CX130="",0,CX130) -> 0 | AC8: =IF(R38="",0,R38)+IF(AG130="",0,AG130)+IF(BJ130="",0,BJ130)+IF(DB130="",0,DB130) -> 0 | AG8: =IF(Y8=0,0,ROUNDDOWN(Y8/AC8,3)) -> 0 | AO8: =IF(BF38="",0,BF38)+IF(AC153="",0,AC153)+IF(BF153="",0,BF153) -> 0 | AS8: =IF(BJ38="",0,BJ38)+IF(AG153="",0,AG153)+IF(BJ153="",0,BJ153) -> 0 | AW8: =IF(AO8=0,0,ROUNDDOWN(AO8/AS8,3)) -> 0 | BF8: =IF(CX153="",0,CX153)+IF(AC176="",0,AC176) -> 0 | BJ8: =IF(DB153="",0,DB153)+IF(AG176="",0,AG176) -> 0 | BN8: =IF(BF8=0,0,ROUNDDOWN(BF8/BJ8,3)) -> 0 | BW8: =IF(CX38="",0,CX38)+IF(N69="",0,N69)+IF(N199="",0,N199)+IF(BF199="",0,BF199)+IF(CX199="",0,CX199)+IF(BF176="",0,BF176) -> 0 | CA8: =IF(DB38="",0,DB38)+IF(R69="",0,R69)+IF(R199="",0,R199)+IF(BJ199="",0,BJ199)+IF(DB199="",0,DB199)+IF(BJ176="",0,BJ176) -> 0 | CE8: =IF(BW8=0,0,ROUNDDOWN(BW8/CA8,3)) -> 0 | CM8: =IF(BF69="",0,BF69)+IF(AD199="",0,AD199)+IF(BV199="",0,BV199)+IF(DN199="",0,DN199)+IF(CX176="",0,CX176) -> 7 | CQ8: =IF(BJ69="",0,BJ69)+IF(AG199="",0,AG199)+IF(BY199="",0,BY199)+IF(DQ199="",0,DQ199)+IF(DB176="",0,DB176) -> 40 | CU8: =IF(CM8=0,0,ROUNDDOWN(CM8/CQ8,3)) -> 0.175 | DD8: =SUM(BW8+(CM8*0.7)) -> 4.9 | DH8: =SUM(CA8+CQ8) -> 40 | DL8: =IF(DD8=0,0,ROUNDDOWN(DD8/DH8,3)) -> 0.122
A12: Libre | AS12: Cadre | CK12: 3bandes Billard Match
H14: Date | N14: Pts | R14: Rep | U14: Moy. | Y14: Série | AC14: Advers. | AJ14: Equipe | AZ14: Date | BF14: Pts | BJ14: Rep | BM14: Moy. | BQ14: Série | BU14: Advers. | CB14: Equipe | CR14: Date | CX14: Pts | DB14: Rep | DE14: Moy. | DI14: Série | DM14: Advers. | DT14: Equipe
A16: ITC Classique | D16: J 1 | U16: =IF(H16="","",ROUNDDOWN(N16/R16,3)) | AS16: ITC Classique | AV16: J 1 | BM16: =IF(AZ16="","",ROUNDDOWN(BF16/BJ16,3)) | CK16: ITC Classique | CN16: J 1 | DE16: =IF(CR16="","",ROUNDDOWN(CX16/DB16,3))
D18: J 2 | U18: =IF(H18="","",ROUNDDOWN(N18/R18,3)) | AV18: J 2 | BM18: =IF(AZ18="","",ROUNDDOWN(BF18/BJ18,3)) | CN18: J 2 | DE18: =IF(CR18="","",ROUNDDOWN(CX18/DB18,3))
D20: J 3 | U20: =IF(H20="","",ROUNDDOWN(N20/R20,3)) | AV20: J 3 | BM20: =IF(AZ20="","",ROUNDDOWN(BF20/BJ20,3)) | CN20: J 3 | DE20: =IF(CR20="","",ROUNDDOWN(CX20/DB20,3))
D22: J 4 | U22: =IF(H22="","",ROUNDDOWN(N22/R22,3)) | AV22: J 4 | BM22: =IF(AZ22="","",ROUNDDOWN(BF22/BJ22,3)) | CN22: J 4 | DE22: =IF(CR22="","",ROUNDDOWN(CX22/DB22,3))
D24: J 5 | U24: =IF(H24="","",ROUNDDOWN(N24/R24,3)) | AV24: J 5 | BM24: =IF(AZ24="","",ROUNDDOWN(BF24/BJ24,3)) | CN24: J 5 | DE24: =IF(CR24="","",ROUNDDOWN(CX24/DB24,3))
D26: J 6 | U26: =IF(H26="","",ROUNDDOWN(N26/R26,3)) | AV26: J 6 | BM26: =IF(AZ26="","",ROUNDDOWN(BF26/BJ26,3)) | CN26: J 6 | DE26: =IF(CR26="","",ROUNDDOWN(CX26/DB26,3))
D28: J7 | U28: =IF(H28="","",ROUNDDOWN(N28/R28,3)) | AV28: J7 | BM28: =IF(AZ28="","",ROUNDDOWN(BF28/BJ28,3)) | CN28: J7 | DE28: =IF(CR28="","",ROUNDDOWN(CX28/DB28,3))
D30: J8 | U30: =IF(H30="","",ROUNDDOWN(N30/R30,3)) | AV30: J8 | BM30: =IF(AZ30="","",ROUNDDOWN(BF30/BJ30,3)) | CN30: J8 | DE30: =IF(CR30="","",ROUNDDOWN(CX30/DB30,3))
D32: J9 | U32: =IF(H32="","",ROUNDDOWN(N32/R32,3)) | AV32: J9 | BM32: =IF(AZ32="","",ROUNDDOWN(BF32/BJ32,3)) | CN32: J9 | DE32: =IF(CR32="","",ROUNDDOWN(CX32/DB32,3))
D34: J10 | U34: =IF(H34="","",ROUNDDOWN(N34/R34,3)) | AV34: J10 | BM34: =IF(AZ34="","",ROUNDDOWN(BF34/BJ34,3)) | CN34: J10 | DE34: =IF(CR34="","",ROUNDDOWN(CX34/DB34,3))
N36: =SUM(N16:Q35) -> 0 | U36: =IF(H36="","",ROUNDDOWN(N36/R36,3)) | BF36: =SUM(BF16:BI35) -> 0 | BM36: =IF(AZ36="","",ROUNDDOWN(BF36/BJ36,3)) | CX36: =SUM(CX16:DA35) -> 0 | DE36: =IF(CR36="","",ROUNDDOWN(CX36/DB36,3))
H38: =IF(N36=0,"","Total") | N38: =IF(H38="","",SUM(N16:Q35)) | R38: =IF(H38="","",SUM(R16:T35)) | U38: =IF(H38="","",ROUNDDOWN(N38/R38,3)) | AZ38: =IF(BF36=0,"","Total") | BF38: =IF(AZ38="","",SUM(BF16:BI35)) | BJ38: =IF(AZ38="","",SUM(BJ16:BL35)) | BM38: =IF(AZ38="","",ROUNDDOWN(BF38/BJ38,3)) | CR38: =IF(CX36=0,"","Total") | CX38: =IF(CR38="","",SUM(CX16:DA35)) | DB38: =IF(CR38="","",SUM(DB16:DD35)) | DE38: =IF(CR38="","",ROUNDDOWN(CX38/DB38,3))
A43: 3bandes Billard Match | AS43: 3bandes Billard 1/4 match
H45: Date | N45: Pts | R45: Rep | U45: Moy. | Y45: Série | AC45: Advers. | AJ45: Equipe | AZ45: Date | BF45: Pts | BJ45: Rep | BM45: Moy. | BQ45: Série | BU45: Advers. | CB45: Equipe
A47: ITC 3bandes | D47: J 1 | U47: =IF(H47="","",ROUNDDOWN(N47/R47,3)) | AS47: ITC 3bandes | AV47: J 1 | BM47: =IF(AZ47="","",ROUNDDOWN(BF47/BJ47,3))
D49: J 2 | U49: =IF(H49="","",ROUNDDOWN(N49/R49,3)) | AV49: J 2 | BM49: =IF(AZ49="","",ROUNDDOWN(BF49/BJ49,3))
D51: J 3 | U51: =IF(H51="","",ROUNDDOWN(N51/R51,3)) | AV51: J 3 | BM51: =IF(AZ51="","",ROUNDDOWN(BF51/BJ51,3))
D53: J 4 | U53: =IF(H53="","",ROUNDDOWN(N53/R53,3)) | AV53: J 4 | BM53: =IF(AZ53="","",ROUNDDOWN(BF53/BJ53,3))
D55: J 5 | U55: =IF(H55="","",ROUNDDOWN(N55/R55,3)) | AV55: J 5 | BM55: =IF(AZ55="","",ROUNDDOWN(BF55/BJ55,3))
D57: J 6 | U57: =IF(H57="","",ROUNDDOWN(N57/R57,3)) | AV57: J 6 | BM57: =IF(AZ57="","",ROUNDDOWN(BF57/BJ57,3))
D59: J7 | U59: =IF(H59="","",ROUNDDOWN(N59/R59,3)) | AV59: J7 | BM59: =IF(AZ59="","",ROUNDDOWN(BF59/BJ59,3))
D61: J8 | U61: =IF(H61="","",ROUNDDOWN(N61/R61,3)) | AV61: J8 | BM61: =IF(AZ61="","",ROUNDDOWN(BF61/BJ61,3))
D63: J9 | U63: =IF(H63="","",ROUNDDOWN(N63/R63,3)) | AV63: J9 | AZ63: 45978 | BF63: 7 | BJ63: 40 | BM63: =IF(AZ63="","",ROUNDDOWN(BF63/BJ63,3)) -> 0.175 | BQ63: 1 | BU63: Engel G. | CB63: DUD2
D65: J10 | U65: =IF(H65="","",ROUNDDOWN(N65/R65,3)) | AV65: J10 | BM65: =IF(AZ65="","",ROUNDDOWN(BF65/BJ65,3))
N67: =SUM(N47:Q66) -> 0 | U67: =IF(H67="","",ROUNDDOWN(N67/R67,3)) | BF67: =SUM(BF47:BI66) -> 7 | BM67: =IF(AZ67="","",ROUNDDOWN(BF67/BJ67,3))
H69: =IF(N67=0,"","Total") | N69: =IF(H69="","",SUM(N47:Q66)) | R69: =IF(H69="","",SUM(R47:T66)) | U69: =IF(H69="","",ROUNDDOWN(N69/R69,3)) | AZ69: =IF(BF67=0,"","Total") -> Total | BF69: =IF(AZ69="","",SUM(BF47:BI66)) -> 7 | BJ69: =IF(AZ69="","",SUM(BJ47:BL66)) -> 40 | BM69: =IF(AZ69="","",ROUNDDOWN(BF69/BJ69,3)) -> 0.175
AZ73: Mis à jour moyenne 3b
A112: Individuel Libre Match | AS112: Individuel Libre 1/4match | CK112: Individuel Handycap
H114: Date | N114: Pts | R114: Rep | U114: Moy. | Y114: Série | AC114: Advers. | AJ114: Equipe | AZ114: Date | BF114: Pts | BJ114: Rep | BM114: Moy. | BQ114: Série | BU114: Advers. | CB114: Equipe | CR114: Date | CX114: Pts | DB114: Rep | DE114: Moy. | DI114: Série | DM114: Advers. | DT114: Equipe
U116: =IF(H116="","",ROUNDDOWN(N116/R116,3)) | BM116: =IF(AZ116="","",ROUNDDOWN(BF116/BJ116,3)) | DE116: =IF(CR116="","",ROUNDDOWN(CX116/DB116,3))
U118: =IF(H118="","",ROUNDDOWN(N118/R118,3)) | BM118: =IF(AZ118="","",ROUNDDOWN(BF118/BJ118,3)) | DE118: =IF(CR118="","",ROUNDDOWN(CX118/DB118,3))
U120: =IF(H120="","",ROUNDDOWN(N120/R120,3)) | BM120: =IF(AZ120="","",ROUNDDOWN(BF120/BJ120,3)) | DE120: =IF(CR120="","",ROUNDDOWN(CX120/DB120,3))
U122: =IF(H122="","",ROUNDDOWN(N122/R122,3)) | BM122: =IF(AZ122="","",ROUNDDOWN(BF122/BJ122,3)) | DE122: =IF(CR122="","",ROUNDDOWN(CX122/DB122,3))
U124: =IF(H124="","",ROUNDDOWN(N124/R124,3)) | BM124: =IF(AZ124="","",ROUNDDOWN(BF124/BJ124,3)) | DE124: =IF(CR124="","",ROUNDDOWN(CX124/DB124,3))
U126: =IF(H126="","",ROUNDDOWN(N126/R126,3)) | BM126: =IF(AZ126="","",ROUNDDOWN(BF126/BJ126,3)) | DE126: =IF(CR126="","",ROUNDDOWN(CX126/DB126,3))
N128: =SUM(N116:Q127) -> 0 | U128: =IF(H128="","",ROUNDDOWN(N128/R128,3)) | BF128: =SUM(BF116:BI127) -> 0 | BM128: =IF(AZ128="","",ROUNDDOWN(BF128/BJ128,3)) | CX128: =SUM(CX116:DA127) -> 0 | DE128: =IF(CR128="","",ROUNDDOWN(CX128/DB128,3))
H130: =IF(N128=0,"","Total") | N130: =IF(H130="","",SUM(N116:Q127)) | R130: =IF(H130="","",SUM(R116:T127)) | U130: =IF(H130="","",ROUNDDOWN(N130/R130,3)) | Y130: 1/4 | AD130: =IF(N130="","",N130*1.5) | AG130: =R130 | AJ130: =IF(AD130="","",ROUNDDOWN(AD130/AG130,3)) | AZ130: =IF(BF128=0,"","Total") | BF130: =IF(AZ130="","",SUM(BF116:BI127)) | BJ130: =IF(AZ130="","",SUM(BJ116:BL127)) | BM130: =IF(AZ130="","",ROUNDDOWN(BF130/BJ130,3)) | CR130: =IF(CX128=0,"","Total") | CX130: =IF(CR130="","",SUM(CX116:DA127)) | DB130: =IF(CR130="","",SUM(DB116:DD127)) | DE130: =IF(CR130="","",ROUNDDOWN(CX130/DB130,3))
A135: Individuel Cadre 47/2 | AS135: Individuel Cadre 38/2 | CK135: Individuel 1 bande
H137: Date | N137: Pts | R137: Rep | U137: Moy. | Y137: Série | AC137: Advers. | AJ137: Equipe | AZ137: Date | BF137: Pts | BJ137: Rep | BM137: Moy. | BQ137: Série | BU137: Advers. | CB137: Equipe | CR137: Date | CX137: Pts | DB137: Rep | DE137: Moy. | DI137: Série | DM137: Advers. | DT137: Equipe
U139: =IF(H139="","",ROUNDDOWN(N139/R139,3)) | BM139: =IF(AZ139="","",ROUNDDOWN(BF139/BJ139,3)) | DE139: =IF(CR139="","",ROUNDDOWN(CX139/DB139,3))
U141: =IF(H141="","",ROUNDDOWN(N141/R141,3)) | BM141: =IF(AZ141="","",ROUNDDOWN(BF141/BJ141,3)) | DE141: =IF(CR141="","",ROUNDDOWN(CX141/DB141,3))
U143: =IF(H143="","",ROUNDDOWN(N143/R143,3)) | BM143: =IF(AZ143="","",ROUNDDOWN(BF143/BJ143,3)) | DE143: =IF(CR143="","",ROUNDDOWN(CX143/DB143,3))
U145: =IF(H145="","",ROUNDDOWN(N145/R145,3)) | BM145: =IF(AZ145="","",ROUNDDOWN(BF145/BJ145,3)) | DE145: =IF(CR145="","",ROUNDDOWN(CX145/DB145,3))
U147: =IF(H147="","",ROUNDDOWN(N147/R147,3)) | BM147: =IF(AZ147="","",ROUNDDOWN(BF147/BJ147,3)) | DE147: =IF(CR147="","",ROUNDDOWN(CX147/DB147,3))
U149: =IF(H149="","",ROUNDDOWN(N149/R149,3)) | BM149: =IF(AZ149="","",ROUNDDOWN(BF149/BJ149,3)) | DE149: =IF(CR149="","",ROUNDDOWN(CX149/DB149,3))
N151: =SUM(N139:Q150) -> 0 | U151: =IF(H151="","",ROUNDDOWN(N151/R151,3)) | BF151: =SUM(BF139:BI150) -> 0 | BM151: =IF(AZ151="","",ROUNDDOWN(BF151/BJ151,3)) | CX151: =SUM(CX139:DA150) -> 0 | DE151: =IF(CR151="","",ROUNDDOWN(CX151/DB151,3))
H153: =IF(N151=0,"","Total") | N153: =IF(H153="","",SUM(N139:Q150)) | R153: =IF(H153="","",SUM(R139:T150)) | U153: =IF(H153="","",ROUNDDOWN(N153/R153,3)) | Y153: 1/4 | AC153: =IF(N153="","",N153*1.5) | AG153: =R153 | AJ153: =IF(AC153="","",ROUNDDOWN(AC153/AG153,3)) | AZ153: =IF(BF151=0,"","Total") | BF153: =IF(AZ153="","",SUM(BF139:BI150)) | BJ153: =IF(AZ153="","",SUM(BJ139:BL150)) | BM153: =IF(AZ153="","",ROUNDDOWN(BF153/BJ153,3)) | CR153: =IF(CX151=0,"","Total") | CX153: =IF(CR153="","",SUM(CX139:DA150)) | DB153: =IF(CR153="","",SUM(DB139:DD150)) | DE153: =IF(CR153="","",ROUNDDOWN(CX153/DB153,3))
A158: Individuel 1 bande Match | AS158: Individuel 3bandes Match | CK158: Individuel 3bandes 1/4 match
H160: Date | N160: Pts | R160: Rep | U160: Moy. | Y160: Série | AC160: Advers. | AJ160: Equipe | AZ160: Date | BF160: Pts | BJ160: Rep | BM160: Moy. | BQ160: Série | BU160: Advers. | CB160: Equipe | CR160: Date | CX160: Pts | DB160: Rep | DE160: Moy. | DI160: Série | DM160: Advers. | DT160: Equipe
U162: =IF(H162="","",ROUNDDOWN(N162/R162,3)) | BM162: =IF(AZ162="","",ROUNDDOWN(BF162/BJ162,3)) | DE162: =IF(CR162="","",ROUNDDOWN(CX162/DB162,3))
U164: =IF(H164="","",ROUNDDOWN(N164/R164,3)) | BM164: =IF(AZ164="","",ROUNDDOWN(BF164/BJ164,3)) | DE164: =IF(CR164="","",ROUNDDOWN(CX164/DB164,3))
U166: =IF(H166="","",ROUNDDOWN(N166/R166,3)) | BM166: =IF(AZ166="","",ROUNDDOWN(BF166/BJ166,3)) | DE166: =IF(CR166="","",ROUNDDOWN(CX166/DB166,3))
U168: =IF(H168="","",ROUNDDOWN(N168/R168,3)) | BM168: =IF(AZ168="","",ROUNDDOWN(BF168/BJ168,3)) | DE168: =IF(CR168="","",ROUNDDOWN(CX168/DB168,3))
U170: =IF(H170="","",ROUNDDOWN(N170/R170,3)) | BM170: =IF(AZ170="","",ROUNDDOWN(BF170/BJ170,3)) | DE170: =IF(CR170="","",ROUNDDOWN(CX170/DB170,3))
U172: =IF(H172="","",ROUNDDOWN(N172/R172,3)) | BM172: =IF(AZ172="","",ROUNDDOWN(BF172/BJ172,3)) | DE172: =IF(CR172="","",ROUNDDOWN(CX172/DB172,3))
N174: =SUM(N162:Q173) -> 0 | U174: =IF(H174="","",ROUNDDOWN(N174/R174,3)) | BF174: =SUM(BF162:BI173) -> 0 | BM174: =IF(AZ174="","",ROUNDDOWN(BF174/BJ174,3)) | CX174: =SUM(CX162:DA173) -> 0 | DE174: =IF(CR174="","",ROUNDDOWN(CX174/DB174,3))
H176: =IF(N174=0,"","Total") | N176: =IF(H176="","",SUM(N162:Q173)) | R176: =IF(H176="","",SUM(R162:T173)) | U176: =IF(H176="","",ROUNDDOWN(N176/R176,3)) | Y176: 1/4 | AC176: =IF(N176="","",N176*1.5) | AG176: =R176 | AJ176: =IF(AC176="","",ROUNDDOWN(AC176/AG176,3)) | AZ176: =IF(BF174=0,"","Total") | BF176: =IF(AZ176="","",SUM(BF162:BI173)) | BJ176: =IF(AZ176="","",SUM(BJ162:BL173)) | BM176: =IF(AZ176="","",ROUNDDOWN(BF176/BJ176,3)) | CR176: =IF(CX174=0,"","Total") | CX176: =IF(CR176="","",SUM(CX162:DA173)) | DB176: =IF(CR176="","",SUM(DB162:DD173)) | DE176: =IF(CR176="","",ROUNDDOWN(CX176/DB176,3))
A181: 1ier Grand Prix 3bandes | AS181: 2ième Grand Prix 3bandes | CK181: 3ième Grand Prix 3bandes
H183: Date | N183: Pts | R183: Rep | U183: Moy. | Y183: Série | AC183: Advers. | AJ183: Billard | AZ183: Date | BF183: Pts | BJ183: Rep | BM183: Moy. | BQ183: Série | BU183: Advers. | CB183: Billard | CR183: Date | CX183: Pts | DB183: Rep | DE183: Moy. | DI183: Série | DM183: Advers. | DT183: Billard
A185: 1er Grand Prix | U185: =IF(H185="","",ROUNDDOWN(N185/R185,3)) | AS185: 2ième Grand Prix | BM185: =IF(AZ185="","",ROUNDDOWN(BF185/BJ185,3)) | CK185: 3ième Grand Prix | DE185: =IF(CR185="","",ROUNDDOWN(CX185/DB185,3))
U187: =IF(H187="","",ROUNDDOWN(N187/R187,3)) | BM187: =IF(AZ187="","",ROUNDDOWN(BF187/BJ187,3)) | DE187: =IF(CR187="","",ROUNDDOWN(CX187/DB187,3))
U189: =IF(H189="","",ROUNDDOWN(N189/R189,3)) | BM189: =IF(AZ189="","",ROUNDDOWN(BF189/BJ189,3)) | DE189: =IF(CR189="","",ROUNDDOWN(CX189/DB189,3))
U191: =IF(H191="","",ROUNDDOWN(N191/R191,3)) | BM191: =IF(AZ191="","",ROUNDDOWN(BF191/BJ191,3)) | DE191: =IF(CR191="","",ROUNDDOWN(CX191/DB191,3))
U193: =IF(H193="","",ROUNDDOWN(N193/R193,3)) | BM193: =IF(AZ193="","",ROUNDDOWN(BF193/BJ193,3)) | DE193: =IF(CR193="","",ROUNDDOWN(CX193/DB193,3))
U195: =IF(H195="","",ROUNDDOWN(N195/R195,3)) | BM195: =IF(AZ195="","",ROUNDDOWN(BF195/BJ195,3)) | DE195: =IF(CR195="","",ROUNDDOWN(CX195/DB195,3))
N197: =SUM(N185:Q196) -> 0 | U197: =IF(H197="","",ROUNDDOWN(N197/R197,3)) | BF197: =SUM(BF185:BI196) -> 0 | BM197: =IF(AZ197="","",ROUNDDOWN(BF197/BJ197,3)) | CX197: =SUM(CX185:DA196) -> 0 | DE197: =IF(CR197="","",ROUNDDOWN(CX197/DB197,3))
H199: =IF(N197=0,"","Total") | N199: =IF(H199="","",SUM(N185:Q196)) | R199: =IF(H199="","",SUM(R185:T196)) | U199: =IF(H199="","",ROUNDDOWN(N199/R199,3)) | Y199: 1/4 | AJ199: =IF(AD199="","",ROUNDDOWN(AD199/AG199,3)) | AZ199: =IF(BF197=0,"","Total") | BF199: =IF(AZ199="","",SUM(BF185:BI196)) | BJ199: =IF(AZ199="","",SUM(BJ185:BL196)) | BM199: =IF(AZ199="","",ROUNDDOWN(BF199/BJ199,3)) | BQ199: 1/4 | CB199: =IF(BV199="","",ROUNDDOWN(BV199/BY199,3)) | CR199: =IF(CX197=0,"","Total") | CX199: =IF(CR199="","",SUM(CX185:DA196)) | DB199: =IF(CR199="","",SUM(DB185:DD196)) | DE199: =IF(CR199="","",ROUNDDOWN(CX199/DB199,3)) | DI199: 1/4 | DT199: =IF(DN199="","",ROUNDDOWN(DN199/DQ199,3))
A204: Coupe
H206: Date | N206: Pts | R206: Rep | U206: Moy. | Y206: Série | AC206: Advers. | AJ206: Equipe
U208: =IF(H208="","",ROUNDDOWN(N208/R208,3))
U210: =IF(H210="","",ROUNDDOWN(N210/R210,3))
U212: =IF(H212="","",ROUNDDOWN(N212/R212,3))
U214: =IF(H214="","",ROUNDDOWN(N214/R214,3))
U216: =IF(H216="","",ROUNDDOWN(N216/R216,3))
U218: =IF(H218="","",ROUNDDOWN(N218/R218,3))
N220: =SUM(N208:Q219) -> 0 | U220: =IF(H220="","",ROUNDDOWN(N220/R220,3))
H222: =IF(N220=0,"","Total") | N222: =IF(H222="","",SUM(N208:Q219)) | R222: =IF(H222="","",SUM(R208:T219)) | U222: =IF(H222="","",ROUNDDOWN(N222/R222,3))

Sheet Lionti
A1: Lionti Paul
H6: Catégorie | Y6: Libre | AO6: Cadre | BF6: 1bande | BW6: 3bandes Match | CM6: 3bandes 1/4match | DD6: 3bandes Match conv.
H8: Pts | L8: Rep | P8: Moy | Y8: =IF(N38="",0,N38)+IF(AD130="",0,AD130)+IF(BF130="",0,BF130)+IF(CX130="",0,CX130) -> 0 | AC8: =IF(R38="",0,R38)+IF(AG130="",0,AG130)+IF(BJ130="",0,BJ130)+IF(DB130="",0,DB130) -> 0 | AG8: =IF(Y8=0,0,ROUNDDOWN(Y8/AC8,3)) -> 0 | AO8: =IF(BF38="",0,BF38)+IF(AC153="",0,AC153)+IF(BF153="",0,BF153) -> 0 | AS8: =IF(BJ38="",0,BJ38)+IF(AG153="",0,AG153)+IF(BJ153="",0,BJ153) -> 0 | AW8: =IF(AO8=0,0,ROUNDDOWN(AO8/AS8,3)) -> 0 | BF8: =IF(CX153="",0,CX153)+IF(AC176="",0,AC176) -> 0 | BJ8: =IF(DB153="",0,DB153)+IF(AG176="",0,AG176) -> 0 | BN8: =IF(BF8=0,0,ROUNDDOWN(BF8/BJ8,3)) -> 0 | BW8: =IF(CX38="",0,CX38)+IF(N69="",0,N69)+IF(N199="",0,N199)+IF(BF199="",0,BF199)+IF(CX199="",0,CX199)+IF(BF176="",0,BF176) -> 0 | CA8: =IF(DB38="",0,DB38)+IF(R69="",0,R69)+IF(R199="",0,R199)+IF(BJ199="",0,BJ199)+IF(DB199="",0,DB199)+IF(BJ176="",0,BJ176) -> 0 | CE8: =IF(BW8=0,0,ROUNDDOWN(BW8/CA8,3)) -> 0 | CM8: =IF(BF69="",0,BF69)+IF(AD199="",0,AD199)+IF(BV199="",0,BV199)+IF(DN199="",0,DN199)+IF(CX176="",0,CX176) -> 0 | CQ8: =IF(BJ69="",0,BJ69)+IF(AG199="",0,AG199)+IF(BY199="",0,BY199)+IF(DQ199="",0,DQ199)+IF(DB176="",0,DB176) -> 0 | CU8: =IF(CM8=0,0,ROUNDDOWN(CM8/CQ8,3)) -> 0 | DD8: =SUM(BW8+(CM8*0.7)) -> 0 | DH8: =SUM(CA8+CQ8) -> 0 | DL8: =IF(DD8=0,0,ROUNDDOWN(DD8/DH8,3)) -> 0
A12: Libre | AS12: Cadre | CK12: 3bandes Billard Match
H14: Date | N14: Pts | R14: Rep | U14: Moy. | Y14: Série | AC14: Advers. | AJ14: Equipe | AZ14: Date | BF14: Pts | BJ14: Rep | BM14: Moy. | BQ14: Série | BU14: Advers. | CB14: Equipe | CR14: Date | CX14: Pts | DB14: Rep | DE14: Moy. | DI14: Série | DM14: Advers. | DT14: Equipe
A16: ITC Classique | D16: J 1 | U16: =IF(H16="","",ROUNDDOWN(N16/R16,3)) | AS16: ITC Classique | AV16: J 1 | BM16: =IF(AZ16="","",ROUNDDOWN(BF16/BJ16,3)) | CK16: ITC Classique | CN16: J 1 | DE16: =IF(CR16="","",ROUNDDOWN(CX16/DB16,3))
D18: J 2 | U18: =IF(H18="","",ROUNDDOWN(N18/R18,3)) | AV18: J 2 | BM18: =IF(AZ18="","",ROUNDDOWN(BF18/BJ18,3)) | CN18: J 2 | DE18: =IF(CR18="","",ROUNDDOWN(CX18/DB18,3))
D20: J 3 | U20: =IF(H20="","",ROUNDDOWN(N20/R20,3)) | AV20: J 3 | BM20: =IF(AZ20="","",ROUNDDOWN(BF20/BJ20,3)) | CN20: J 3 | DE20: =IF(CR20="","",ROUNDDOWN(CX20/DB20,3))
D22: J 4 | U22: =IF(H22="","",ROUNDDOWN(N22/R22,3)) | AV22: J 4 | BM22: =IF(AZ22="","",ROUNDDOWN(BF22/BJ22,3)) | CN22: J 4 | DE22: =IF(CR22="","",ROUNDDOWN(CX22/DB22,3))
D24: J 5 | U24: =IF(H24="","",ROUNDDOWN(N24/R24,3)) | AV24: J 5 | BM24: =IF(AZ24="","",ROUNDDOWN(BF24/BJ24,3)) | CN24: J 5 | DE24: =IF(CR24="","",ROUNDDOWN(CX24/DB24,3))
D26: J 6 | U26: =IF(H26="","",ROUNDDOWN(N26/R26,3)) | AV26: J 6 | BM26: =IF(AZ26="","",ROUNDDOWN(BF26/BJ26,3)) | CN26: J 6 | DE26: =IF(CR26="","",ROUNDDOWN(CX26/DB26,3))
D28: J7 | U28: =IF(H28="","",ROUNDDOWN(N28/R28,3)) | AV28: J7 | BM28: =IF(AZ28="","",ROUNDDOWN(BF28/BJ28,3)) | CN28: J7 | DE28: =IF(CR28="","",ROUNDDOWN(CX28/DB28,3))
D30: J8 | U30: =IF(H30="","",ROUNDDOWN(N30/R30,3)) | AV30: J8 | BM30: =IF(AZ30="","",ROUNDDOWN(BF30/BJ30,3)) | CN30: J8 | DE30: =IF(CR30="","",ROUNDDOWN(CX30/DB30,3))
D32: J9 | U32: =IF(H32="","",ROUNDDOWN(N32/R32,3)) | AV32: J9 | BM32: =IF(AZ32="","",ROUNDDOWN(BF32/BJ32,3)) | CN32: J9 | DE32: =IF(CR32="","",ROUNDDOWN(CX32/DB32,3))
D34: J10 | U34: =IF(H34="","",ROUNDDOWN(N34/R34,3)) | AV34: J10 | BM34: =IF(AZ34="","",ROUNDDOWN(BF34/BJ34,3)) | CN34: J10 | DE34: =IF(CR34="","",ROUNDDOWN(CX34/DB34,3))
N36: =SUM(N16:Q35) -> 0 | U36: =IF(H36="","",ROUNDDOWN(N36/R36,3)) | BF36: =SUM(BF16:BI35) -> 0 | BM36: =IF(AZ36="","",ROUNDDOWN(BF36/BJ36,3)) | CX36: =SUM(CX16:DA35) -> 0 | DE36: =IF(CR36="","",ROUNDDOWN(CX36/DB36,3))
H38: =IF(N36=0,"","Total") | N38: =IF(H38="","",SUM(N16:Q35)) | R38: =IF(H38="","",SUM(R16:T35)) | U38: =IF(H38="","",ROUNDDOWN(N38/R38,3)) | AZ38: =IF(BF36=0,"","Total") | BF38: =IF(AZ38="","",SUM(BF16:BI35)) | BJ38: =IF(AZ38="","",SUM(BJ16:BL35)) | BM38: =IF(AZ38="","",ROUNDDOWN(BF38/BJ38,3)) | CR38: =IF(CX36=0,"","Total") | CX38: =IF(CR38="","",SUM(CX16:DA35)) | DB38: =IF(CR38="","",SUM(DB16:DD35)) | DE38: =IF(CR38="","",ROUNDDOWN(CX38/DB38,3))
A43: 3bandes Billard Match | AS43: 3bandes Billard 1/4 match
H45: Date | N45: Pts | R45: Rep | U45: Moy. | Y45: Série | AC45: Advers. | AJ45: Equipe | AZ45: Date | BF45: Pts | BJ45: Rep | BM45: Moy. | BQ45: Série | BU45: Advers. | CB45: Equipe
A47: ITC 3bandes | D47: J 1 | U47: =IF(H47="","",ROUNDDOWN(N47/R47,3)) | AS47: ITC 3bandes | AV47: J 1 | BM47: =IF(AZ47="","",ROUNDDOWN(BF47/BJ47,3))
D49: J 2 | U49: =IF(H49="","",ROUNDDOWN(N49/R49,3)) | AV49: J 2 | BM49: =IF(AZ49="","",ROUNDDOWN(BF49/BJ49,3))
D51: J 3 | U51: =IF(H51="","",ROUNDDOWN(N51/R51,3)) | AV51: J 3 | BM51: =IF(AZ51="","",ROUNDDOWN(BF51/BJ51,3))
D53: J 4 | U53: =IF(H53="","",ROUNDDOWN(N53/R53,3)) | AV53: J 4 | BM53: =IF(AZ53="","",ROUNDDOWN(BF53/BJ53,3))
D55: J 5 | U55: =IF(H55="","",ROUNDDOWN(N55/R55,3)) | AV55: J 5 | BM55: =IF(AZ55="","",ROUNDDOWN(BF55/BJ55,3))
D57: J 6 | U57: =IF(H57="","",ROUNDDOWN(N57/R57,3)) | AV57: J 6 | BM57: =IF(AZ57="","",ROUNDDOWN(BF57/BJ57,3))
D59: J7 | U59: =IF(H59="","",ROUNDDOWN(N59/R59,3)) | AV59: J7 | BM59: =IF(AZ59="","",ROUNDDOWN(BF59/BJ59,3))
D61: J8 | U61: =IF(H61="","",ROUNDDOWN(N61/R61,3)) | AV61: J8 | BM61: =IF(AZ61="","",ROUNDDOWN(BF61/BJ61,3))
D63: J9 | U63: =IF(H63="","",ROUNDDOWN(N63/R63,3)) | AV63: J9 | BM63: =IF(AZ63="","",ROUNDDOWN(BF63/BJ63,3))
D65: J10 | U65: =IF(H65="","",ROUNDDOWN(N65/R65,3)) | AV65: J10 | BM65: =IF(AZ65="","",ROUNDDOWN(BF65/BJ65,3))
N67: =SUM(N47:Q66) -> 0 | U67: =IF(H67="","",ROUNDDOWN(N67/R67,3)) | BF67: =SUM(BF47:BI66) -> 0 | BM67: =IF(AZ67="","",ROUNDDOWN(BF67/BJ67,3))
H69: =IF(N67=0,"","Total") | N69: =IF(H69="","",SUM(N47:Q66)) | R69: =IF(H69="","",SUM(R47:T66)) | U69: =IF(H69="","",ROUNDDOWN(N69/R69,3)) | AZ69: =IF(BF67=0,"","Total") | BF69: =IF(AZ69="","",SUM(BF47:BI66)) | BJ69: =IF(AZ69="","",SUM(BJ47:BL66)) | BM69: =IF(AZ69="","",ROUNDDOWN(BF69/BJ69,3))
A112: Individuel Libre Match | AS112: Individuel Libre 1/4match | CK112: Individuel Handycap
H114: Date | N114: Pts | R114: Rep | U114: Moy. | Y114: Série | AC114: Advers. | AJ114: Equipe | AZ114: Date | BF114: Pts | BJ114: Rep | BM114: Moy. | BQ114: Série | BU114: Advers. | CB114: Equipe | CR114: Date | CX114: Pts | DB114: Rep | DE114: Moy. | DI114: Série | DM114: Advers. | DT114: Equipe
U116: =IF(H116="","",ROUNDDOWN(N116/R116,3)) | BM116: =IF(AZ116="","",ROUNDDOWN(BF116/BJ116,3)) | DE116: =IF(CR116="","",ROUNDDOWN(CX116/DB116,3))
U118: =IF(H118="","",ROUNDDOWN(N118/R118,3)) | BM118: =IF(AZ118="","",ROUNDDOWN(BF118/BJ118,3)) | DE118: =IF(CR118="","",ROUNDDOWN(CX118/DB118,3))
U120: =IF(H120="","",ROUNDDOWN(N120/R120,3)) | BM120: =IF(AZ120="","",ROUNDDOWN(BF120/BJ120,3)) | DE120: =IF(CR120="","",ROUNDDOWN(CX120/DB120,3))
U122: =IF(H122="","",ROUNDDOWN(N122/R122,3)) | BM122: =IF(AZ122="","",ROUNDDOWN(BF122/BJ122,3)) | DE122: =IF(CR122="","",ROUNDDOWN(CX122/DB122,3))
U124: =IF(H124="","",ROUNDDOWN(N124/R124,3)) | BM124: =IF(AZ124="","",ROUNDDOWN(BF124/BJ124,3)) | DE124: =IF(CR124="","",ROUNDDOWN(CX124/DB124,3))
U126: =IF(H126="","",ROUNDDOWN(N126/R126,3)) | BM126: =IF(AZ126="","",ROUNDDOWN(BF126/BJ126,3)) | DE126: =IF(CR126="","",ROUNDDOWN(CX126/DB126,3))
N128: =SUM(N116:Q127) -> 0 | U128: =IF(H128="","",ROUNDDOWN(N128/R128,3)) | BF128: =SUM(BF116:BI127) -> 0 | BM128: =IF(AZ128="","",ROUNDDOWN(BF128/BJ128,3)) | CX128: =SUM(CX116:DA127) -> 0 | DE128: =IF(CR128="","",ROUNDDOWN(CX128/DB128,3))
H130: =IF(N128=0,"","Total") | N130: =IF(H130="","",SUM(N116:Q127)) | R130: =IF(H130="","",SUM(R116:T127)) | U130: =IF(H130="","",ROUNDDOWN(N130/R130,3)) | Y130: 1/4 | AD130: =IF(N130="","",N130*1.5) | AG130: =R130 | AJ130: =IF(AD130="","",ROUNDDOWN(AD130/AG130,3)) | AZ130: =IF(BF128=0,"","Total") | BF130: =IF(AZ130="","",SUM(BF116:BI127)) | BJ130: =IF(AZ130="","",SUM(BJ116:BL127)) | BM130: =IF(AZ130="","",ROUNDDOWN(BF130/BJ130,3)) | CR130: =IF(CX128=0,"","Total") | CX130: =IF(CR130="","",SUM(CX116:DA127)) | DB130: =IF(CR130="","",SUM(DB116:DD127)) | DE130: =IF(CR130="","",ROUNDDOWN(CX130/DB130,3))
A135: Individuel Cadre 47/2 | AS135: Individuel Cadre 38/2 | CK135: Individuel 1 bande
H137: Date | N137: Pts | R137: Rep | U137: Moy. | Y137: Série | AC137: Advers. | AJ137: Equipe | AZ137: Date | BF137: Pts | BJ137: Rep | BM137: Moy. | BQ137: Série | BU137: Advers. | CB137: Equipe | CR137: Date | CX137: Pts | DB137: Rep | DE137: Moy. | DI137: Série | DM137: Advers. | DT137: Equipe
U139: =IF(H139="","",ROUNDDOWN(N139/R139,3)) | BM139: =IF(AZ139="","",ROUNDDOWN(BF139/BJ139,3)) | DE139: =IF(CR139="","",ROUNDDOWN(CX139/DB139,3))
U141: =IF(H141="","",ROUNDDOWN(N141/R141,3)) | BM141: =IF(AZ141="","",ROUNDDOWN(BF141/BJ141,3)) | DE141: =IF(CR141="","",ROUNDDOWN(CX141/DB141,3))
U143: =IF(H143="","",ROUNDDOWN(N143/R143,3)) | BM143: =IF(AZ143="","",ROUNDDOWN(BF143/BJ143,3)) | DE143: =IF(CR143="","",ROUNDDOWN(CX143/DB143,3))
U145: =IF(H145="","",ROUNDDOWN(N145/R145,3)) | BM145: =IF(AZ145="","",ROUNDDOWN(BF145/BJ145,3)) | DE145: =IF(CR145="","",ROUNDDOWN(CX145/DB145,3))
U147: =IF(H147="","",ROUNDDOWN(N147/R147,3)) | BM147: =IF(AZ147="","",ROUNDDOWN(BF147/BJ147,3)) | DE147: =IF(CR147="","",ROUNDDOWN(CX147/DB147,3))
U149: =IF(H149="","",ROUNDDOWN(N149/R149,3)) | BM149: =IF(AZ149="","",ROUNDDOWN(BF149/BJ149,3)) | DE149: =IF(CR149="","",ROUNDDOWN(CX149/DB149,3))
N151: =SUM(N139:Q150) -> 0 | U151: =IF(H151="","",ROUNDDOWN(N151/R151,3)) | BF151: =SUM(BF139:BI150) -> 0 | BM151: =IF(AZ151="","",ROUNDDOWN(BF151/BJ151,3)) | CX151: =SUM(CX139:DA150) -> 0 | DE151: =IF(CR151="","",ROUNDDOWN(CX151/DB151,3))
H153: =IF(N151=0,"","Total") | N153: =IF(H153="","",SUM(N139:Q150)) | R153: =IF(H153="","",SUM(R139:T150)) | U153: =IF(H153="","",ROUNDDOWN(N153/R153,3)) | Y153: 1/4 | AC153: =IF(N153="","",N153*1.5) | AG153: =R153 | AJ153: =IF(AC153="","",ROUNDDOWN(AC153/AG153,3)) | AZ153: =IF(BF151=0,"","Total") | BF153: =IF(AZ153="","",SUM(BF139:BI150)) | BJ153: =IF(AZ153="","",SUM(BJ139:BL150)) | BM153: =IF(AZ153="","",ROUNDDOWN(BF153/BJ153,3)) | CR153: =IF(CX151=0,"","Total") | CX153: =IF(CR153="","",SUM(CX139:DA150)) | DB153: =IF(CR153="","",SUM(DB139:DD150)) | DE153: =IF(CR153="","",ROUNDDOWN(CX153/DB153,3))
A158: Individuel 1 bande Match | AS158: Individuel 3bandes Match | CK158: Individuel 3bandes 1/4 match
H160: Date | N160: Pts | R160: Rep | U160: Moy. | Y160: Série | AC160: Advers. | AJ160: Equipe | AZ160: Date | BF160: Pts | BJ160: Rep | BM160: Moy. | BQ160: Série | BU160: Advers. | CB160: Equipe | CR160: Date | CX160: Pts | DB160: Rep | DE160: Moy. | DI160: Série | DM160: Advers. | DT160: Equipe
U162: =IF(H162="","",ROUNDDOWN(N162/R162,3)) | BM162: =IF(AZ162="","",ROUNDDOWN(BF162/BJ162,3)) | DE162: =IF(CR162="","",ROUNDDOWN(CX162/DB162,3))
U164: =IF(H164="","",ROUNDDOWN(N164/R164,3)) | BM164: =IF(AZ164="","",ROUNDDOWN(BF164/BJ164,3)) | DE164: =IF(CR164="","",ROUNDDOWN(CX164/DB164,3))
U166: =IF(H166="","",ROUNDDOWN(N166/R166,3)) | BM166: =IF(AZ166="","",ROUNDDOWN(BF166/BJ166,3)) | DE166: =IF(CR166="","",ROUNDDOWN(CX166/DB166,3))
U168: =IF(H168="","",ROUNDDOWN(N168/R168,3)) | BM168: =IF(AZ168="","",ROUNDDOWN(BF168/BJ168,3)) | DE168: =IF(CR168="","",ROUNDDOWN(CX168/DB168,3))
U170: =IF(H170="","",ROUNDDOWN(N170/R170,3)) | BM170: =IF(AZ170="","",ROUNDDOWN(BF170/BJ170,3)) | DE170: =IF(CR170="","",ROUNDDOWN(CX170/DB170,3))
U172: =IF(H172="","",ROUNDDOWN(N172/R172,3)) | BM172: =IF(AZ172="","",ROUNDDOWN(BF172/BJ172,3)) | DE172: =IF(CR172="","",ROUNDDOWN(CX172/DB172,3))
N174: =SUM(N162:Q173) -> 0 | U174: =IF(H174="","",ROUNDDOWN(N174/R174,3)) | BF174: =SUM(BF162:BI173) -> 0 | BM174: =IF(AZ174="","",ROUNDDOWN(BF174/BJ174,3)) | CX174: =SUM(CX162:DA173) -> 0 | DE174: =IF(CR174="","",ROUNDDOWN(CX174/DB174,3))
H176: =IF(N174=0,"","Total") | N176: =IF(H176="","",SUM(N162:Q173)) | R176: =IF(H176="","",SUM(R162:T173)) | U176: =IF(H176="","",ROUNDDOWN(N176/R176,3)) | Y176: 1/4 | AC176: =IF(N176="","",N176*1.5) | AG176: =R176 | AJ176: =IF(AC176="","",ROUNDDOWN(AC176/AG176,3)) | AZ176: =IF(BF174=0,"","Total") | BF176: =IF(AZ176="","",SUM(BF162:BI173)) | BJ176: =IF(AZ176="","",SUM(BJ162:BL173)) | BM176: =IF(AZ176="","",ROUNDDOWN(BF176/BJ176,3)) | CR176: =IF(CX174=0,"","Total") | CX176: =IF(CR176="","",SUM(CX162:DA173)) | DB176: =IF(CR176="","",SUM(DB162:DD173)) | DE176: =IF(CR176="","",ROUNDDOWN(CX176/DB176,3))
A181: 1ier Grand Prix 3bandes | AS181: 2ième Grand Prix 3bandes | CK181: 3ième Grand Prix 3bandes
H183: Date | N183: Pts | R183: Rep | U183: Moy. | Y183: Série | AC183: Advers. | AJ183: Billard | AZ183: Date | BF183: Pts | BJ183: Rep | BM183: Moy. | BQ183: Série | BU183: Advers. | CB183: Billard | CR183: Date | CX183: Pts | DB183: Rep | DE183: Moy. | DI183: Série | DM183: Advers. | DT183: Billard
A185: 1er Grand Prix | U185: =IF(H185="","",ROUNDDOWN(N185/R185,3)) | AS185: 2ième Grand Prix | BM185: =IF(AZ185="","",ROUNDDOWN(BF185/BJ185,3)) | CK185: 3ième Grand Prix | DE185: =IF(CR185="","",ROUNDDOWN(CX185/DB185,3))
U187: =IF(H187="","",ROUNDDOWN(N187/R187,3)) | BM187: =IF(AZ187="","",ROUNDDOWN(BF187/BJ187,3)) | DE187: =IF(CR187="","",ROUNDDOWN(CX187/DB187,3))
U189: =IF(H189="","",ROUNDDOWN(N189/R189,3)) | BM189: =IF(AZ189="","",ROUNDDOWN(BF189/BJ189,3)) | DE189: =IF(CR189="","",ROUNDDOWN(CX189/DB189,3))
U191: =IF(H191="","",ROUNDDOWN(N191/R191,3)) | BM191: =IF(AZ191="","",ROUNDDOWN(BF191/BJ191,3)) | DE191: =IF(CR191="","",ROUNDDOWN(CX191/DB191,3))
U193: =IF(H193="","",ROUNDDOWN(N193/R193,3)) | BM193: =IF(AZ193="","",ROUNDDOWN(BF193/BJ193,3)) | DE193: =IF(CR193="","",ROUNDDOWN(CX193/DB193,3))
U195: =IF(H195="","",ROUNDDOWN(N195/R195,3)) | BM195: =IF(AZ195="","",ROUNDDOWN(BF195/BJ195,3)) | DE195: =IF(CR195="","",ROUNDDOWN(CX195/DB195,3))
N197: =SUM(N185:Q196) -> 0 | U197: =IF(H197="","",ROUNDDOWN(N197/R197,3)) | BF197: =SUM(BF185:BI196) -> 0 | BM197: =IF(AZ197="","",ROUNDDOWN(BF197/BJ197,3)) | CX197: =SUM(CX185:DA196) -> 0 | DE197: =IF(CR197="","",ROUNDDOWN(CX197/DB197,3))
H199: =IF(N197=0,"","Total") | N199: =IF(H199="","",SUM(N185:Q196)) | R199: =IF(H199="","",SUM(R185:T196)) | U199: =IF(H199="","",ROUNDDOWN(N199/R199,3)) | Y199: 1/4 | AJ199: =IF(AD199="","",ROUNDDOWN(AD199/AG199,3)) | AZ199: =IF(BF197=0,"","Total") | BF199: =IF(AZ199="","",SUM(BF185:BI196)) | BJ199: =IF(AZ199="","",SUM(BJ185:BL196)) | BM199: =IF(AZ199="","",ROUNDDOWN(BF199/BJ199,3)) | BQ199: 1/4 | CB199: =IF(BV199="","",ROUNDDOWN(BV199/BY199,3)) | CR199: =IF(CX197=0,"","Total") | CX199: =IF(CR199="","",SUM(CX185:DA196)) | DB199: =IF(CR199="","",SUM(DB185:DD196)) | DE199: =IF(CR199="","",ROUNDDOWN(CX199/DB199,3)) | DI199: 1/4 | DT199: =IF(DN199="","",ROUNDDOWN(DN199/DQ199,3))
A204: Coupe
H206: Date | N206: Pts | R206: Rep | U206: Moy. | Y206: Série | AC206: Advers. | AJ206: Equipe
U208: =IF(H208="","",ROUNDDOWN(N208/R208,3))
U210: =IF(H210="","",ROUNDDOWN(N210/R210,3))
U212: =IF(H212="","",ROUNDDOWN(N212/R212,3))
U214: =IF(H214="","",ROUNDDOWN(N214/R214,3))
U216: =IF(H216="","",ROUNDDOWN(N216/R216,3))
U218: =IF(H218="","",ROUNDDOWN(N218/R218,3))
N220: =SUM(N208:Q219) -> 0 | U220: =IF(H220="","",ROUNDDOWN(N220/R220,3))
H222: =IF(N220=0,"","Total") | N222: =IF(H222="","",SUM(N208:Q219)) | R222: =IF(H222="","",SUM(R208:T219)) | U222: =IF(H222="","",ROUNDDOWN(N222/R222,3))

Sheet Pallucca
A1: Pallucca Carlo
H6: Catégorie | Y6: Libre | AO6: Cadre | BF6: 1bande | BW6: 3bandes Match | CM6: 3bandes 1/4match | DD6: 3bandes Match conv.
H8: Pts | L8: Rep | P8: Moy | Y8: =IF(N38="",0,N38)+IF(AD130="",0,AD130)+IF(BF130="",0,BF130)+IF(CX130="",0,CX130) -> 332 | AC8: =IF(R38="",0,R38)+IF(AG130="",0,AG130)+IF(BJ130="",0,BJ130)+IF(DB130="",0,DB130) -> 80 | AG8: =IF(Y8=0,0,ROUNDDOWN(Y8/AC8,3)) -> 4.15 | AO8: =IF(BF38="",0,BF38)+IF(AC153="",0,AC153)+IF(BF153="",0,BF153) -> 276 | AS8: =IF(BJ38="",0,BJ38)+IF(AG153="",0,AG153)+IF(BJ153="",0,BJ153) -> 105 | AW8: =IF(AO8=0,0,ROUNDDOWN(AO8/AS8,3)) -> 2.628 | BF8: =IF(CX153="",0,CX153)+IF(AC176="",0,AC176) -> 393.5 | BJ8: =IF(DB153="",0,DB153)+IF(AG176="",0,AG176) -> 231 | BN8: =IF(BF8=0,0,ROUNDDOWN(BF8/BJ8,3)) -> 1.703 | BW8: =IF(CX38="",0,CX38)+IF(N69="",0,N69)+IF(N199="",0,N199)+IF(BF199="",0,BF199)+IF(CX199="",0,CX199)+IF(BF176="",0,BF176) -> 86 | CA8: =IF(DB38="",0,DB38)+IF(R69="",0,R69)+IF(R199="",0,R199)+IF(BJ199="",0,BJ199)+IF(DB199="",0,DB199)+IF(BJ176="",0,BJ176) -> 258 | CE8: =IF(BW8=0,0,ROUNDDOWN(BW8/CA8,3)) -> 0.333 | CM8: =IF(BF69="",0,BF69)+IF(AD199="",0,AD199)+IF(BV199="",0,BV199)+IF(DN199="",0,DN199)+IF(CX176="",0,CX176)+IF(BF222="",0,BF222) -> 310 | CQ8: =IF(BJ69="",0,BJ69)+IF(AG199="",0,AG199)+IF(BY199="",0,BY199)+IF(DQ199="",0,DQ199)+IF(DB176="",0,DB176)+IF(BJ222="",0,BJ222) -> 666 | CU8: =IF(CM8=0,0,ROUNDDOWN(CM8/CQ8,3)) -> 0.465 | DD8: =SUM(BW8+(CM8*0.7)) -> 303 | DH8: =SUM(CA8+CQ8) -> 924 | DL8: =IF(DD8=0,0,ROUNDDOWN(DD8/DH8,3)) -> 0.327
A12: Libre | AS12: Cadre | CK12: 3bandes Billard Match
H14: Date | N14: Pts | R14: Rep | U14: Moy. | Y14: Série | AC14: Advers. | AJ14: Equipe | AZ14: Date | BF14: Pts | BJ14: Rep | BM14: Moy. | BQ14: Série | BU14: Advers. | CB14: Equipe | CR14: Date | CX14: Pts | DB14: Rep | DE14: Moy. | DI14: Série | DM14: Advers. | DT14: Equipe
A16: ITC Classique | D16: J 1 | H16: 46041 | N16: 62 | R16: 20 | U16: =IF(H16="","",ROUNDDOWN(N16/R16,3)) -> 3.1 | Y16: 16 | AC16: De Matos R. | AJ16: DUD1 | AS16: ITC Classique | AV16: J 1 | BM16: =IF(AZ16="","",ROUNDDOWN(BF16/BJ16,3)) | CK16: ITC Classique | CN16: J 1 | DE16: =IF(CR16="","",ROUNDDOWN(CX16/DB16,3))
D18: J 2 | H18: 46048 | N18: 118 | R18: 20 | U18: =IF(H18="","",ROUNDDOWN(N18/R18,3)) -> 5.9 | Y18: 18 | AC18: Jeronimo J. | AJ18: DUD1 | AV18: J 2 | BM18: =IF(AZ18="","",ROUNDDOWN(BF18/BJ18,3)) | CN18: J 2 | DE18: =IF(CR18="","",ROUNDDOWN(CX18/DB18,3))
D20: J 3 | H20: 46055 | N20: 73 | R20: 20 | U20: =IF(H20="","",ROUNDDOWN(N20/R20,3)) -> 3.65 | Y20: 19 | AC20: Guidez L. | AJ20: DUD1 | AV20: J 3 | BM20: =IF(AZ20="","",ROUNDDOWN(BF20/BJ20,3)) | CN20: J 3 | DE20: =IF(CR20="","",ROUNDDOWN(CX20/DB20,3))
D22: J 4 | H22: 46062 | N22: 79 | R22: 20 | U22: =IF(H22="","",ROUNDDOWN(N22/R22,3)) -> 3.95 | Y22: 21 | AC22: Leclerc Ph. | AJ22: DUD1 | AV22: J 4 | BM22: =IF(AZ22="","",ROUNDDOWN(BF22/BJ22,3)) | CN22: J 4 | DE22: =IF(CR22="","",ROUNDDOWN(CX22/DB22,3))
D24: J 5 | U24: =IF(H24="","",ROUNDDOWN(N24/R24,3)) | AV24: J 5 | AZ24: 46076 | BF24: 32 | BJ24: 20 | BM24: =IF(AZ24="","",ROUNDDOWN(BF24/BJ24,3)) -> 1.6 | BQ24: 11 | BU24: Comprido J. | CB24: DUD1 | CN24: J 5 | DE24: =IF(CR24="","",ROUNDDOWN(CX24/DB24,3))
D26: J 6 | U26: =IF(H26="","",ROUNDDOWN(N26/R26,3)) | AV26: J 6 | AZ26: 46083 | BF26: 64 | BJ26: 20 | BM26: =IF(AZ26="","",ROUNDDOWN(BF26/BJ26,3)) -> 3.2 | BQ26: 11 | BU26: V Evelgh. M. | CB26: DUD1 | CN26: J 6 | DE26: =IF(CR26="","",ROUNDDOWN(CX26/DB26,3))
D28: J7 | U28: =IF(H28="","",ROUNDDOWN(N28/R28,3)) | AV28: J7 | BM28: =IF(AZ28="","",ROUNDDOWN(BF28/BJ28,3)) | CN28: J7 | DE28: =IF(CR28="","",ROUNDDOWN(CX28/DB28,3))
D30: J8 | U30: =IF(H30="","",ROUNDDOWN(N30/R30,3)) | AV30: J8 | BM30: =IF(AZ30="","",ROUNDDOWN(BF30/BJ30,3)) | CN30: J8 | DE30: =IF(CR30="","",ROUNDDOWN(CX30/DB30,3))
D32: J9 | U32: =IF(H32="","",ROUNDDOWN(N32/R32,3)) | AV32: J9 | BM32: =IF(AZ32="","",ROUNDDOWN(BF32/BJ32,3)) | CN32: J9 | DE32: =IF(CR32="","",ROUNDDOWN(CX32/DB32,3))
D34: J10 | U34: =IF(H34="","",ROUNDDOWN(N34/R34,3)) | AV34: J10 | BM34: =IF(AZ34="","",ROUNDDOWN(BF34/BJ34,3)) | CN34: J10 | DE34: =IF(CR34="","",ROUNDDOWN(CX34/DB34,3))
N36: =SUM(N16:Q35) -> 332 | U36: =IF(H36="","",ROUNDDOWN(N36/R36,3)) | BF36: =SUM(BF16:BI35) -> 96 | BM36: =IF(AZ36="","",ROUNDDOWN(BF36/BJ36,3)) | CX36: =SUM(CX16:DA35) -> 0 | DE36: =IF(CR36="","",ROUNDDOWN(CX36/DB36,3))
H38: =IF(N36=0,"","Total") -> Total | N38: =IF(H38="","",SUM(N16:Q35)) -> 332 | R38: =IF(H38="","",SUM(R16:T35)) -> 80 | U38: =IF(H38="","",ROUNDDOWN(N38/R38,3)) -> 4.15 | AZ38: =IF(BF36=0,"","Total") -> Total | BF38: =IF(AZ38="","",SUM(BF16:BI35)) -> 96 | BJ38: =IF(AZ38="","",SUM(BJ16:BL35)) -> 40 | BM38: =IF(AZ38="","",ROUNDDOWN(BF38/BJ38,3)) -> 2.4 | CR38: =IF(CX36=0,"","Total") | CX38: =IF(CR38="","",SUM(CX16:DA35)) | DB38: =IF(CR38="","",SUM(DB16:DD35)) | DE38: =IF(CR38="","",ROUNDDOWN(CX38/DB38,3))
A43: 3bandes Billard Match | AS43: 3bandes Billard 1/4 match
H45: Date | N45: Pts | R45: Rep | U45: Moy. | Y45: Série | AC45: Advers. | AJ45: Equipe | AZ45: Date | BF45: Pts | BJ45: Rep | BM45: Moy. | BQ45: Série | BU45: Advers. | CB45: Equipe
A47: ITC 3bandes | D47: J 1 | U47: =IF(H47="","",ROUNDDOWN(N47/R47,3)) | AS47: ITC 3bandes | AV47: J 1 | AZ47: 45915 | BF47: 25 | BJ47: 40 | BM47: =IF(AZ47="","",ROUNDDOWN(BF47/BJ47,3)) -> 0.625 | BQ47: 3 | BU47: Van Evelghem M. | CB47: DUD1
D49: J 2 | U49: =IF(H49="","",ROUNDDOWN(N49/R49,3)) | AV49: J 2 | AZ49: 45922 | BF49: 30 | BJ49: 37 | BM49: =IF(AZ49="","",ROUNDDOWN(BF49/BJ49,3)) -> 0.81 | BQ49: 6 | BU49: Kihn D. | CB49: DUD1
D51: J 3 | U51: =IF(H51="","",ROUNDDOWN(N51/R51,3)) | AV51: J 3 | AZ51: 45929 | BF51: 20 | BJ51: 40 | BM51: =IF(AZ51="","",ROUNDDOWN(BF51/BJ51,3)) -> 0.5 | BQ51: 4 | BU51: D'Hoest F. | CB51: DUD1
D53: J 4 | U53: =IF(H53="","",ROUNDDOWN(N53/R53,3)) | AV53: J 4 | AZ53: 45936 | BF53: 18 | BJ53: 40 | BM53: =IF(AZ53="","",ROUNDDOWN(BF53/BJ53,3)) -> 0.45 | BQ53: 3 | BU53: Brüls I. | CB53: DUD1
D55: J 5 | U55: =IF(H55="","",ROUNDDOWN(N55/R55,3)) | AV55: J 5 | AZ55: 45943 | BF55: 23 | BJ55: 40 | BM55: =IF(AZ55="","",ROUNDDOWN(BF55/BJ55,3)) -> 0.575 | BQ55: 4 | BU55: Engel G. | CB55: DUD1
D57: J 6 | U57: =IF(H57="","",ROUNDDOWN(N57/R57,3)) | AV57: J 6 | AZ57: 45950 | BF57: 13 | BJ57: 40 | BM57: =IF(AZ57="","",ROUNDDOWN(BF57/BJ57,3)) -> 0.325 | BQ57: 2 | BU57: Beck J. | CB57: DUD1
D59: J7 | U59: =IF(H59="","",ROUNDDOWN(N59/R59,3)) | AV59: J7 | BM59: =IF(AZ59="","",ROUNDDOWN(BF59/BJ59,3))
D61: J8 | U61: =IF(H61="","",ROUNDDOWN(N61/R61,3)) | AV61: J8 | AZ61: 45971 | BF61: 11 | BJ61: 40 | BM61: =IF(AZ61="","",ROUNDDOWN(BF61/BJ61,3)) -> 0.275 | BQ61: 3 | BU61: D'Hoest F. | CB61: DUD1
D63: J9 | U63: =IF(H63="","",ROUNDDOWN(N63/R63,3)) | AV63: J9 | AZ63: 45978 | BF63: 20 | BJ63: 40 | BM63: =IF(AZ63="","",ROUNDDOWN(BF63/BJ63,3)) -> 0.5 | BQ63: 3 | BU63: Drye M. | CB63: DUD1
D65: J10 | U65: =IF(H65="","",ROUNDDOWN(N65/R65,3)) | AV65: J10 | AZ65: 45992 | BF65: 19 | BJ65: 40 | BM65: =IF(AZ65="","",ROUNDDOWN(BF65/BJ65,3)) -> 0.475 | BQ65: 3 | BU65: Miranda R. | CB65: DUD1
N67: =SUM(N47:Q66) -> 0 | U67: =IF(H67="","",ROUNDDOWN(N67/R67,3)) | BF67: =SUM(BF47:BI66) -> 179 | BM67: =IF(AZ67="","",ROUNDDOWN(BF67/BJ67,3))
H69: =IF(N67=0,"","Total") | N69: =IF(H69="","",SUM(N47:Q66)) | R69: =IF(H69="","",SUM(R47:T66)) | U69: =IF(H69="","",ROUNDDOWN(N69/R69,3)) | AZ69: =IF(BF67=0,"","Total") -> Total | BF69: =IF(AZ69="","",SUM(BF47:BI66)) -> 179 | BJ69: =IF(AZ69="","",SUM(BJ47:BL66)) -> 357 | BM69: =IF(AZ69="","",ROUNDDOWN(BF69/BJ69,3)) -> 0.501
A112: Individuel Libre Match | AS112: Individuel Libre 1/4match | CK112: Individuel Handycap
H114: Date | N114: Pts | R114: Rep | U114: Moy. | Y114: Série | AC114: Advers. | AJ114: Equipe | AZ114: Date | BF114: Pts | BJ114: Rep | BM114: Moy. | BQ114: Série | BU114: Advers. | CB114: Equipe | CR114: Date | CX114: Pts | DB114: Rep | DE114: Moy. | DI114: Série | DM114: Advers. | DT114: Equipe
U116: =IF(H116="","",ROUNDDOWN(N116/R116,3)) | BM116: =IF(AZ116="","",ROUNDDOWN(BF116/BJ116,3)) | DE116: =IF(CR116="","",ROUNDDOWN(CX116/DB116,3))
U118: =IF(H118="","",ROUNDDOWN(N118/R118,3)) | BM118: =IF(AZ118="","",ROUNDDOWN(BF118/BJ118,3)) | DE118: =IF(CR118="","",ROUNDDOWN(CX118/DB118,3))
U120: =IF(H120="","",ROUNDDOWN(N120/R120,3)) | BM120: =IF(AZ120="","",ROUNDDOWN(BF120/BJ120,3)) | DE120: =IF(CR120="","",ROUNDDOWN(CX120/DB120,3))
U122: =IF(H122="","",ROUNDDOWN(N122/R122,3)) | BM122: =IF(AZ122="","",ROUNDDOWN(BF122/BJ122,3)) | DE122: =IF(CR122="","",ROUNDDOWN(CX122/DB122,3))
U124: =IF(H124="","",ROUNDDOWN(N124/R124,3)) | BM124: =IF(AZ124="","",ROUNDDOWN(BF124/BJ124,3)) | DE124: =IF(CR124="","",ROUNDDOWN(CX124/DB124,3))
U126: =IF(H126="","",ROUNDDOWN(N126/R126,3)) | BM126: =IF(AZ126="","",ROUNDDOWN(BF126/BJ126,3)) | DE126: =IF(CR126="","",ROUNDDOWN(CX126/DB126,3))
N128: =SUM(N116:Q127) -> 0 | U128: =IF(H128="","",ROUNDDOWN(N128/R128,3)) | BF128: =SUM(BF116:BI127) -> 0 | BM128: =IF(AZ128="","",ROUNDDOWN(BF128/BJ128,3)) | CX128: =SUM(CX116:DA127) -> 0 | DE128: =IF(CR128="","",ROUNDDOWN(CX128/DB128,3))
H130: =IF(N128=0,"","Total") | N130: =IF(H130="","",SUM(N116:Q127)) | R130: =IF(H130="","",SUM(R116:T127)) | U130: =IF(H130="","",ROUNDDOWN(N130/R130,3)) | Y130: 1/4 | AD130: =IF(N130="","",N130*1.5) | AG130: =R130 | AJ130: =IF(AD130="","",ROUNDDOWN(AD130/AG130,3)) | AZ130: =IF(BF128=0,"","Total") | BF130: =IF(AZ130="","",SUM(BF116:BI127)) | BJ130: =IF(AZ130="","",SUM(BJ116:BL127)) | BM130: =IF(AZ130="","",ROUNDDOWN(BF130/BJ130,3)) | CR130: =IF(CX128=0,"","Total") | CX130: =IF(CR130="","",SUM(CX116:DA127)) | DB130: =IF(CR130="","",SUM(DB116:DD127)) | DE130: =IF(CR130="","",ROUNDDOWN(CX130/DB130,3))
A135: Individuel Cadre 47/2 | AS135: Individuel Cadre 38/2 | CK135: Individuel 1 bande
H137: Date | N137: Pts | R137: Rep | U137: Moy. | Y137: Série | AC137: Advers. | AJ137: Equipe | AS137: 1. | AV137: Cat2 | AZ137: Date | BF137: Pts | BJ137: Rep | BM137: Moy. | BQ137: Série | BU137: Advers. | CB137: Equipe | CK137: 1. | CN137: Cat1 | CR137: Date | CX137: Pts | DB137: Rep | DE137: Moy. | DI137: Série | DM137: Advers. | DT137: Equipe
U139: =IF(H139="","",ROUNDDOWN(N139/R139,3)) | AS139: Pallucca C. | AZ139: 46084 | BF139: 60 | BJ139: 20 | BM139: =IF(AZ139="","",ROUNDDOWN(BF139/BJ139,3)) -> 3 | BQ139: 10 | BU139: Comprido J. | CB139: Final | CK139: Pallucca C. | CR139: 45994 | CX139: 50 | DB139: 27 | DE139: =IF(CR139="","",ROUNDDOWN(CX139/DB139,3)) -> 1.851 | DI139: 11 | DM139: Schintgen D. | DT139: Quali
U141: =IF(H141="","",ROUNDDOWN(N141/R141,3)) | AS141: Comprido J. | AZ141: 46084 | BF141: 60 | BJ141: 26 | BM141: =IF(AZ141="","",ROUNDDOWN(BF141/BJ141,3)) -> 2.307 | BQ141: 8 | BU141: Biver R. | CB141: Final | CK141: Biver R. | CR141: 45994 | CX141: 40 | DB141: 30 | DE141: =IF(CR141="","",ROUNDDOWN(CX141/DB141,3)) -> 1.333 | DI141: 7 | DM141: Collin B. | DT141: Quali
U143: =IF(H143="","",ROUNDDOWN(N143/R143,3)) | AS143: Biver R. | AZ143: 46086 | BF143: 60 | BJ143: 19 | BM143: =IF(AZ143="","",ROUNDDOWN(BF143/BJ143,3)) -> 3.157 | BQ143: 9 | BU143: Beck J. | CB143: Final | CK143: Soares A. | CR143: 45999 | CX143: 50 | DB143: 28 | DE143: =IF(CR143="","",ROUNDDOWN(CX143/DB143,3)) -> 1.785 | DI143: 9 | DM143: Biver R. | DT143: Finale
U145: =IF(H145="","",ROUNDDOWN(N145/R145,3)) | BM145: =IF(AZ145="","",ROUNDDOWN(BF145/BJ145,3)) | CR145: 46001 | CX145: 50 | DB145: 26 | DE145: =IF(CR145="","",ROUNDDOWN(CX145/DB145,3)) -> 1.923 | DI145: 6 | DM145: Schintgen D. | DT145: Finale
U147: =IF(H147="","",ROUNDDOWN(N147/R147,3)) | BM147: =IF(AZ147="","",ROUNDDOWN(BF147/BJ147,3)) | CR147: 46002 | CX147: 49 | DB147: 30 | DE147: =IF(CR147="","",ROUNDDOWN(CX147/DB147,3)) -> 1.633 | DI147: 9 | DM147: Soares A. | DT147: Finale
U149: =IF(H149="","",ROUNDDOWN(N149/R149,3)) | BM149: =IF(AZ149="","",ROUNDDOWN(BF149/BJ149,3)) | DE149: =IF(CR149="","",ROUNDDOWN(CX149/DB149,3))
N151: =SUM(N139:Q150) -> 0 | U151: =IF(H151="","",ROUNDDOWN(N151/R151,3)) | BF151: =SUM(BF139:BI150) -> 180 | BM151: =IF(AZ151="","",ROUNDDOWN(BF151/BJ151,3)) | CX151: =SUM(CX139:DA150) -> 239 | DE151: =IF(CR151="","",ROUNDDOWN(CX151/DB151,3))
H153: =IF(N151=0,"","Total") | N153: =IF(H153="","",SUM(N139:Q150)) | R153: =IF(H153="","",SUM(R139:T150)) | U153: =IF(H153="","",ROUNDDOWN(N153/R153,3)) | Y153: 1/4 | AC153: =IF(N153="","",N153*1.5) | AG153: =R153 | AJ153: =IF(AC153="","",ROUNDDOWN(AC153/AG153,3)) | AZ153: =IF(BF151=0,"","Total") -> Total | BF153: =IF(AZ153="","",SUM(BF139:BI150)) -> 180 | BJ153: =IF(AZ153="","",SUM(BJ139:BL150)) -> 65 | BM153: =IF(AZ153="","",ROUNDDOWN(BF153/BJ153,3)) -> 2.769 | CR153: =IF(CX151=0,"","Total") -> Total | CX153: =IF(CR153="","",SUM(CX139:DA150)) -> 239 | DB153: =IF(CR153="","",SUM(DB139:DD150)) -> 141 | DE153: =IF(CR153="","",ROUNDDOWN(CX153/DB153,3)) -> 1.695
A158: Individuel 1 bande Match | AS158: Individuel 3bandes Match | CK158: Individuel 3bandes 1/4 match
A160: 7. | D160: Nat | H160: Date | N160: Pts | R160: Rep | U160: Moy. | Y160: Série | AC160: Advers. | AJ160: Equipe | AS160: 6. | AV160: Cat1 | AZ160: Date | BF160: Pts | BJ160: Rep | BM160: Moy. | BQ160: Série | BU160: Advers. | CB160: Equipe | CK160: 3. | CN160: Cat1 | CR160: Date | CX160: Pts | DB160: Rep | DE160: Moy. | DI160: Série | DM160: Advers. | DT160: Equipe
A162: Marques C. | H162: 46049 | N162: 41 | R162: 30 | U162: =IF(H162="","",ROUNDDOWN(N162/R162,3)) -> 1.366 | Y162: 4 | AC162: Marques C. | AJ162: Quali | AZ162: 45951 | BF162: 8 | BJ162: 40 | BM162: =IF(AZ162="","",ROUNDDOWN(BF162/BJ162,3)) -> 0.2 | BQ162: 2 | BU162: Soares A. | CB162: Quali | CK162: Ribeiro A. | CR162: 45917 | CX162: 20 | DB162: 33 | DE162: =IF(CR162="","",ROUNDDOWN(CX162/DB162,3)) -> 0.606 | DI162: 4 | DM162: Schintgen D. | DT162: Final
A164: Tempelers B. | H164: 31.02.26 | N164: 26 | R164: 30 | U164: =IF(H164="","",ROUNDDOWN(N164/R164,3)) -> 0.866 | Y164: 5 | AC164: Drye M. | AJ164: Quali | AZ164: 45952 | BF164: 12 | BJ164: 35 | BM164: =IF(AZ164="","",ROUNDDOWN(BF164/BJ164,3)) -> 0.342 | BQ164: 2 | BU164: Cordero Ch. | CB164: Quali | CK164: Cordero Ch. | CR164: 45919 | CX164: 16 | DB164: 40 | DE164: =IF(CR164="","",ROUNDDOWN(CX164/DB164,3)) -> 0.4 | DI164: 4 | DM164: Ribeiro A. | DT164: Final
A166: Drye M. | H166: 46053 | N166: 36 | R166: 30 | U166: =IF(H166="","",ROUNDDOWN(N166/R166,3)) -> 1.2 | Y166: 9 | AC166: Jeronimo J. | AJ166: Quali | AZ166: 45952 | BF166: 15 | BJ166: 40 | BM166: =IF(AZ166="","",ROUNDDOWN(BF166/BJ166,3)) -> 0.375 | BQ166: 4 | BU166: Jeronimo J. | CB166: Quali | CK166: Pallucca C. | CR166: 45924 | CX166: 13 | DB166: 40 | DE166: =IF(CR166="","",ROUNDDOWN(CX166/DB166,3)) -> 0.325 | DI166: 2 | DM166: Cordero Ch. | DT166: Final
A168: Soares A. | U168: =IF(H168="","",ROUNDDOWN(N168/R168,3)) | BM168: =IF(AZ168="","",ROUNDDOWN(BF168/BJ168,3)) | CR168: 45926 | CX168: 20 | DB168: 32 | DE168: =IF(CR168="","",ROUNDDOWN(CX168/DB168,3)) -> 0.625 | DI168: 3 | DM168: Soares A. | DT168: Final
U170: =IF(H170="","",ROUNDDOWN(N170/R170,3)) | BM170: =IF(AZ170="","",ROUNDDOWN(BF170/BJ170,3)) | DE170: =IF(CR170="","",ROUNDDOWN(CX170/DB170,3))
U172: =IF(H172="","",ROUNDDOWN(N172/R172,3)) | BM172: =IF(AZ172="","",ROUNDDOWN(BF172/BJ172,3)) | DE172: =IF(CR172="","",ROUNDDOWN(CX172/DB172,3))
N174: =SUM(N162:Q173) -> 103 | U174: =IF(H174="","",ROUNDDOWN(N174/R174,3)) | BF174: =SUM(BF162:BI173) -> 35 | BM174: =IF(AZ174="","",ROUNDDOWN(BF174/BJ174,3)) | CX174: =SUM(CX162:DA173) -> 69 | DE174: =IF(CR174="","",ROUNDDOWN(CX174/DB174,3))
H176: =IF(N174=0,"","Total") -> Total | N176: =IF(H176="","",SUM(N162:Q173)) -> 103 | R176: =IF(H176="","",SUM(R162:T173)) -> 90 | U176: =IF(H176="","",ROUNDDOWN(N176/R176,3)) -> 1.144 | Y176: 1/4 | AC176: =IF(N176="","",N176*1.5) -> 154.5 | AG176: =R176 -> 90 | AJ176: =IF(AC176="","",ROUNDDOWN(AC176/AG176,3)) -> 1.716 | AZ176: =IF(BF174=0,"","Total") -> Total | BF176: =IF(AZ176="","",SUM(BF162:BI173)) -> 35 | BJ176: =IF(AZ176="","",SUM(BJ162:BL173)) -> 115 | BM176: =IF(AZ176="","",ROUNDDOWN(BF176/BJ176,3)) -> 0.304 | CR176: =IF(CX174=0,"","Total") -> Total | CX176: =IF(CR176="","",SUM(CX162:DA173)) -> 69 | DB176: =IF(CR176="","",SUM(DB162:DD173)) -> 145 | DE176: =IF(CR176="","",ROUNDDOWN(CX176/DB176,3)) -> 0.475
A181: 1ier Grand Prix 3bandes | AS181: 2ième Grand Prix 3bandes | CK181: 3ième Grand Prix 3bandes
A183: 5. | D183: 1er GP | H183: Date | N183: Pts | R183: Rep | U183: Moy. | Y183: Série | AC183: Advers. | AJ183: Billard | AS183: 5. | AV183: 2e GP | AZ183: Date | BF183: Pts | BJ183: Rep | BM183: Moy. | BQ183: Série | BU183: Advers. | CB183: Billard | CR183: Date | CX183: Pts | DB183: Rep | DE183: Moy. | DI183: Série | DM183: Advers. | DT183: Billard
A185: 1er Grand Prix | H185: 45983 | N185: 18 | R185: 42 | U185: =IF(H185="","",ROUNDDOWN(N185/R185,3)) -> 0.428 | AC185: Miranda R. | AJ185: M | AS185: 2ième Grand Prix | AZ185: 46032 | BF185: 24 | BJ185: 69 | BM185: =IF(AZ185="","",ROUNDDOWN(BF185/BJ185,3)) -> 0.347 | BU185: Biver R. | CB185: M. | CK185: 3ième Grand Prix | DE185: =IF(CR185="","",ROUNDDOWN(CX185/DB185,3))
A187: Tempelers B. | H187: 45985 | N187: 9 | R187: 32 | U187: =IF(H187="","",ROUNDDOWN(N187/R187,3)) -> 0.281 | AC187: Pereira D. | AJ187: M | AS187: Biver R. | AZ187: 46035 | BF187: 24 | BJ187: 51 | BM187: =IF(AZ187="","",ROUNDDOWN(BF187/BJ187,3)) -> 0.47 | BU187: Cordero Ch. | CB187: 1/4m | DE187: =IF(CR187="","",ROUNDDOWN(CX187/DB187,3))
A189: Pereira D. | H189: 45986 | N189: 14 | R189: 33 | U189: =IF(H189="","",ROUNDDOWN(N189/R189,3)) -> 0.424 | AC189: Biver R. | AJ189: 1/4m | AS189: Soares A. | BM189: =IF(AZ189="","",ROUNDDOWN(BF189/BJ189,3)) | DE189: =IF(CR189="","",ROUNDDOWN(CX189/DB189,3))
A191: Biver R. | U191: =IF(H191="","",ROUNDDOWN(N191/R191,3)) | AS191: Pereira D. | BM191: =IF(AZ191="","",ROUNDDOWN(BF191/BJ191,3)) | DE191: =IF(CR191="","",ROUNDDOWN(CX191/DB191,3))
U193: =IF(H193="","",ROUNDDOWN(N193/R193,3)) | BM193: =IF(AZ193="","",ROUNDDOWN(BF193/BJ193,3)) | DE193: =IF(CR193="","",ROUNDDOWN(CX193/DB193,3))
U195: =IF(H195="","",ROUNDDOWN(N195/R195,3)) | BM195: =IF(AZ195="","",ROUNDDOWN(BF195/BJ195,3)) | DE195: =IF(CR195="","",ROUNDDOWN(CX195/DB195,3))
N197: =SUM(N185:Q196) -> 41 | U197: =IF(H197="","",ROUNDDOWN(N197/R197,3)) | BF197: =SUM(BF185:BI196) -> 48 | BM197: =IF(AZ197="","",ROUNDDOWN(BF197/BJ197,3)) | CX197: =SUM(CX185:DA196) -> 0 | DE197: =IF(CR197="","",ROUNDDOWN(CX197/DB197,3))
H199: =IF(N197=0,"","Total") -> Total | N199: =IF(H199="","",SUM(N185:Q188)) -> 27 | R199: =IF(H199="","",SUM(R185:T188)) -> 74 | U199: =IF(H199="","",ROUNDDOWN(N199/R199,3)) -> 0.364 | Y199: 1/4 | AD199: =N189 -> 14 | AG199: =R189 -> 33 | AJ199: =IF(AD199="","",ROUNDDOWN(AD199/AG199,3)) -> 0.424 | AZ199: =IF(BF197=0,"","Total") -> Total | BF199: =IF(AZ199="","",SUM(BF185)) -> 24 | BJ199: =IF(AZ199="","",SUM(BJ185)) -> 69 | BM199: =IF(AZ199="","",ROUNDDOWN(BF199/BJ199,3)) -> 0.347 | BQ199: 1/4 | BV199: =BF187 -> 24 | BY199: =BJ187 -> 51 | CB199: =IF(BV199="","",ROUNDDOWN(BV199/BY199,3)) -> 0.47 | CR199: =IF(CX197=0,"","Total") | CX199: =IF(CR199="","",SUM(CX185:DA196)) | DB199: =IF(CR199="","",SUM(DB185:DD196)) | DE199: =IF(CR199="","",ROUNDDOWN(CX199/DB199,3)) | DI199: 1/4 | DT199: =IF(DN199="","",ROUNDDOWN(DN199/DQ199,3))
A204: Coupe | AS204: Individuel 3bandes 1/4 match
H206: Date | N206: Pts | R206: Rep | U206: Moy. | Y206: Série | AC206: Advers. | AJ206: Equipe | AS206: 3. | AV206: NAT | AZ206: Date | BF206: Pts | BJ206: Rep | BM206: Moy. | BQ206: Série | BU206: Advers. | CB206: Equipe
U208: =IF(H208="","",ROUNDDOWN(N208/R208,3)) | AS208: Tempelers B. | AZ208: 45932 | BF208: 15 | BJ208: 40 | BM208: =IF(AZ208="","",ROUNDDOWN(BF208/BJ208,3)) -> 0.375 | BQ208: 4 | BU208: Biver R. | CB208: Quali
U210: =IF(H210="","",ROUNDDOWN(N210/R210,3)) | AS210: Biver R. | AZ210: 45934 | BF210: 9 | BJ210: 40 | BM210: =IF(AZ210="","",ROUNDDOWN(BF210/BJ210,3)) -> 0.225 | BQ210: 2 | BU210: Tempelers B. | CB210: 1/2F
U212: =IF(H212="","",ROUNDDOWN(N212/R212,3)) | AS212: Pallucca C. | BM212: =IF(AZ212="","",ROUNDDOWN(BF212/BJ212,3))
U214: =IF(H214="","",ROUNDDOWN(N214/R214,3)) | AS214: Cordero Ch. | BM214: =IF(AZ214="","",ROUNDDOWN(BF214/BJ214,3))
U216: =IF(H216="","",ROUNDDOWN(N216/R216,3)) | BM216: =IF(AZ216="","",ROUNDDOWN(BF216/BJ216,3))
U218: =IF(H218="","",ROUNDDOWN(N218/R218,3)) | BM218: =IF(AZ218="","",ROUNDDOWN(BF218/BJ218,3))
N220: =SUM(N208:Q219) -> 0 | U220: =IF(H220="","",ROUNDDOWN(N220/R220,3)) | BF220: =SUM(BF208:BI219) -> 24 | BM220: =IF(AZ220="","",ROUNDDOWN(BF220/BJ220,3))
H222: =IF(N220=0,"","Total") | N222: =IF(H222="","",SUM(N208:Q219)) | R222: =IF(H222="","",SUM(R208:T219)) | U222: =IF(H222="","",ROUNDDOWN(N222/R222,3)) | AZ222: =IF(BF220=0,"","Total") -> Total | BF222: =IF(AZ222="","",SUM(BF208:BI219)) -> 24 | BJ222: =IF(AZ222="","",SUM(BJ208:BL219)) -> 80 | BM222: =IF(AZ222="","",ROUNDDOWN(BF222/BJ222,3)) -> 0.3

Sheet Pereira
A1: Pereira David
H6: Catégorie | Y6: Libre | AO6: Cadre | BF6: 1bande | BW6: 3bandes Match | CM6: 3bandes 1/4match | DD6: 3bandes Match conv.
H8: Pts | L8: Rep | P8: Moy | Y8: =IF(N38="",0,N38)+IF(AD130="",0,AD130)+IF(BF130="",0,BF130)+IF(CX130="",0,CX130) -> 0 | AC8: =IF(R38="",0,R38)+IF(AG130="",0,AG130)+IF(BJ130="",0,BJ130)+IF(DB130="",0,DB130) -> 0 | AG8: =IF(Y8=0,0,ROUNDDOWN(Y8/AC8,3)) -> 0 | AO8: =IF(BF38="",0,BF38)+IF(AC153="",0,AC153)+IF(BF153="",0,BF153) -> 0 | AS8: =IF(BJ38="",0,BJ38)+IF(AG153="",0,AG153)+IF(BJ153="",0,BJ153) -> 0 | AW8: =IF(AO8=0,0,ROUNDDOWN(AO8/AS8,3)) -> 0 | BF8: =IF(CX153="",0,CX153)+IF(AC176="",0,AC176) -> 0 | BJ8: =IF(DB153="",0,DB153)+IF(AG176="",0,AG176) -> 0 | BN8: =IF(BF8=0,0,ROUNDDOWN(BF8/BJ8,3)) -> 0 | BW8: =IF(CX38="",0,CX38)+IF(N69="",0,N69)+IF(N199="",0,N199)+IF(BF199="",0,BF199)+IF(CX199="",0,CX199)+IF(BF176="",0,BF176) -> 143 | CA8: =IF(DB38="",0,DB38)+IF(R69="",0,R69)+IF(R199="",0,R199)+IF(BJ199="",0,BJ199)+IF(DB199="",0,DB199)+IF(BJ176="",0,BJ176) -> 389 | CE8: =IF(BW8=0,0,ROUNDDOWN(BW8/CA8,3)) -> 0.367 | CM8: =IF(BF69="",0,BF69)+IF(AD199="",0,AD199)+IF(BV199="",0,BV199)+IF(DN199="",0,DN199)+IF(CX176="",0,CX176) -> 41 | CQ8: =IF(BJ69="",0,BJ69)+IF(AG199="",0,AG199)+IF(BY199="",0,BY199)+IF(DQ199="",0,DQ199)+IF(DB176="",0,DB176) -> 99 | CU8: =IF(CM8=0,0,ROUNDDOWN(CM8/CQ8,3)) -> 0.414 | DD8: =SUM(BW8+(CM8*0.7)) -> 171.7 | DH8: =SUM(CA8+CQ8) -> 488 | DL8: =IF(DD8=0,0,ROUNDDOWN(DD8/DH8,3)) -> 0.351
A12: Libre | AS12: Cadre | CK12: 3bandes Billard Match
H14: Date | N14: Pts | R14: Rep | U14: Moy. | Y14: Série | AC14: Advers. | AJ14: Equipe | AZ14: Date | BF14: Pts | BJ14: Rep | BM14: Moy. | BQ14: Série | BU14: Advers. | CB14: Equipe | CR14: Date | CX14: Pts | DB14: Rep | DE14: Moy. | DI14: Série | DM14: Advers. | DT14: Equipe
A16: ITC Classique | D16: J 1 | U16: =IF(H16="","",ROUNDDOWN(N16/R16,3)) | AS16: ITC Classique | AV16: J 1 | BM16: =IF(AZ16="","",ROUNDDOWN(BF16/BJ16,3)) | CK16: ITC Classique | CN16: J 1 | DE16: =IF(CR16="","",ROUNDDOWN(CX16/DB16,3))
D18: J 2 | U18: =IF(H18="","",ROUNDDOWN(N18/R18,3)) | AV18: J 2 | BM18: =IF(AZ18="","",ROUNDDOWN(BF18/BJ18,3)) | CN18: J 2 | DE18: =IF(CR18="","",ROUNDDOWN(CX18/DB18,3))
D20: J 3 | U20: =IF(H20="","",ROUNDDOWN(N20/R20,3)) | AV20: J 3 | BM20: =IF(AZ20="","",ROUNDDOWN(BF20/BJ20,3)) | CN20: J 3 | DE20: =IF(CR20="","",ROUNDDOWN(CX20/DB20,3))
D22: J 4 | U22: =IF(H22="","",ROUNDDOWN(N22/R22,3)) | AV22: J 4 | BM22: =IF(AZ22="","",ROUNDDOWN(BF22/BJ22,3)) | CN22: J 4 | DE22: =IF(CR22="","",ROUNDDOWN(CX22/DB22,3))
D24: J 5 | U24: =IF(H24="","",ROUNDDOWN(N24/R24,3)) | AV24: J 5 | BM24: =IF(AZ24="","",ROUNDDOWN(BF24/BJ24,3)) | CN24: J 5 | DE24: =IF(CR24="","",ROUNDDOWN(CX24/DB24,3))
D26: J 6 | U26: =IF(H26="","",ROUNDDOWN(N26/R26,3)) | AV26: J 6 | BM26: =IF(AZ26="","",ROUNDDOWN(BF26/BJ26,3)) | CN26: J 6 | DE26: =IF(CR26="","",ROUNDDOWN(CX26/DB26,3))
D28: J7 | U28: =IF(H28="","",ROUNDDOWN(N28/R28,3)) | AV28: J7 | BM28: =IF(AZ28="","",ROUNDDOWN(BF28/BJ28,3)) | CN28: J7 | DE28: =IF(CR28="","",ROUNDDOWN(CX28/DB28,3))
D30: J8 | U30: =IF(H30="","",ROUNDDOWN(N30/R30,3)) | AV30: J8 | BM30: =IF(AZ30="","",ROUNDDOWN(BF30/BJ30,3)) | CN30: J8 | DE30: =IF(CR30="","",ROUNDDOWN(CX30/DB30,3))
D32: J9 | U32: =IF(H32="","",ROUNDDOWN(N32/R32,3)) | AV32: J9 | BM32: =IF(AZ32="","",ROUNDDOWN(BF32/BJ32,3)) | CN32: J9 | DE32: =IF(CR32="","",ROUNDDOWN(CX32/DB32,3))
D34: J10 | U34: =IF(H34="","",ROUNDDOWN(N34/R34,3)) | AV34: J10 | BM34: =IF(AZ34="","",ROUNDDOWN(BF34/BJ34,3)) | CN34: J10 | DE34: =IF(CR34="","",ROUNDDOWN(CX34/DB34,3))
N36: =SUM(N16:Q35) -> 0 | U36: =IF(H36="","",ROUNDDOWN(N36/R36,3)) | BF36: =SUM(BF16:BI35) -> 0 | BM36: =IF(AZ36="","",ROUNDDOWN(BF36/BJ36,3)) | CX36: =SUM(CX16:DA35) -> 0 | DE36: =IF(CR36="","",ROUNDDOWN(CX36/DB36,3))
H38: =IF(N36=0,"","Total") | N38: =IF(H38="","",SUM(N16:Q35)) | R38: =IF(H38="","",SUM(R16:T35)) | U38: =IF(H38="","",ROUNDDOWN(N38/R38,3)) | AZ38: =IF(BF36=0,"","Total") | BF38: =IF(AZ38="","",SUM(BF16:BI35)) | BJ38: =IF(AZ38="","",SUM(BJ16:BL35)) | BM38: =IF(AZ38="","",ROUNDDOWN(BF38/BJ38,3)) | CR38: =IF(CX36=0,"","Total") | CX38: =IF(CR38="","",SUM(CX16:DA35)) | DB38: =IF(CR38="","",SUM(DB16:DD35)) | DE38: =IF(CR38="","",ROUNDDOWN(CX38/DB38,3))
A43: 3bandes Billard Match | AS43: 3bandes Billard 1/4 match
H45: Date | N45: Pts | R45: Rep | U45: Moy. | Y45: Série | AC45: Advers. | AJ45: Equipe | AZ45: Date | BF45: Pts | BJ45: Rep | BM45: Moy. | BQ45: Série | BU45: Advers. | CB45: Equipe
A47: ITC 3bandes | D47: J 1 | H47: 45915 | N47: 10 | R47: 40 | U47: =IF(H47="","",ROUNDDOWN(N47/R47,3)) -> 0.25 | Y47: 3 | AC47: Schintgen D. | AJ47: DUD1 | AS47: ITC 3bandes | AV47: J 1 | BM47: =IF(AZ47="","",ROUNDDOWN(BF47/BJ47,3))
D49: J 2 | H49: 45922 | N49: 5 | R49: 40 | U49: =IF(H49="","",ROUNDDOWN(N49/R49,3)) -> 0.125 | Y49: 2 | AC49: Wolff G. | AJ49: DUD1 | AV49: J 2 | BM49: =IF(AZ49="","",ROUNDDOWN(BF49/BJ49,3))
D51: J 3 | H51: 45929 | N51: 13 | R51: 40 | U51: =IF(H51="","",ROUNDDOWN(N51/R51,3)) -> 0.325 | Y51: 2 | AC51: Guidez L. | AJ51: DUD1 | AV51: J 3 | BM51: =IF(AZ51="","",ROUNDDOWN(BF51/BJ51,3))
D53: J 4 | H53: 45936 | N53: 20 | R53: 40 | U53: =IF(H53="","",ROUNDDOWN(N53/R53,3)) -> 0.5 | Y53: 5 | AC53: Brière B. | AJ53: DUD1 | AV53: J 4 | BM53: =IF(AZ53="","",ROUNDDOWN(BF53/BJ53,3))
D55: J 5 | H55: 45943 | N55: 14 | R55: 40 | U55: =IF(H55="","",ROUNDDOWN(N55/R55,3)) -> 0.35 | Y55: 2 | AC55: Cruz J. | AJ55: DUD1 | AV55: J 5 | BM55: =IF(AZ55="","",ROUNDDOWN(BF55/BJ55,3))
D57: J 6 | U57: =IF(H57="","",ROUNDDOWN(N57/R57,3)) | AV57: J 6 | BM57: =IF(AZ57="","",ROUNDDOWN(BF57/BJ57,3))
D59: J7 | U59: =IF(H59="","",ROUNDDOWN(N59/R59,3)) | AV59: J7 | BM59: =IF(AZ59="","",ROUNDDOWN(BF59/BJ59,3))
D61: J8 | U61: =IF(H61="","",ROUNDDOWN(N61/R61,3)) | AV61: J8 | BM61: =IF(AZ61="","",ROUNDDOWN(BF61/BJ61,3))
D63: J9 | U63: =IF(H63="","",ROUNDDOWN(N63/R63,3)) | AV63: J9 | BM63: =IF(AZ63="","",ROUNDDOWN(BF63/BJ63,3))
D65: J10 | U65: =IF(H65="","",ROUNDDOWN(N65/R65,3)) | AV65: J10 | BM65: =IF(AZ65="","",ROUNDDOWN(BF65/BJ65,3))
N67: =SUM(N47:Q66) -> 62 | U67: =IF(H67="","",ROUNDDOWN(N67/R67,3)) | BF67: =SUM(BF47:BI66) -> 0 | BM67: =IF(AZ67="","",ROUNDDOWN(BF67/BJ67,3))
H69: =IF(N67=0,"","Total") -> Total | N69: =IF(H69="","",SUM(N47:Q66)) -> 62 | R69: =IF(H69="","",SUM(R47:T66)) -> 200 | U69: =IF(H69="","",ROUNDDOWN(N69/R69,3)) -> 0.31 | AZ69: =IF(BF67=0,"","Total") | BF69: =IF(AZ69="","",SUM(BF47:BI66)) | BJ69: =IF(AZ69="","",SUM(BJ47:BL66)) | BM69: =IF(AZ69="","",ROUNDDOWN(BF69/BJ69,3))
A112: Individuel Libre Match | AS112: Individuel Libre 1/4match | CK112: Individuel Handycap
H114: Date | N114: Pts | R114: Rep | U114: Moy. | Y114: Série | AC114: Advers. | AJ114: Equipe | AZ114: Date | BF114: Pts | BJ114: Rep | BM114: Moy. | BQ114: Série | BU114: Advers. | CB114: Equipe | CR114: Date | CX114: Pts | DB114: Rep | DE114: Moy. | DI114: Série | DM114: Advers. | DT114: Equipe
U116: =IF(H116="","",ROUNDDOWN(N116/R116,3)) | BM116: =IF(AZ116="","",ROUNDDOWN(BF116/BJ116,3)) | DE116: =IF(CR116="","",ROUNDDOWN(CX116/DB116,3))
U118: =IF(H118="","",ROUNDDOWN(N118/R118,3)) | BM118: =IF(AZ118="","",ROUNDDOWN(BF118/BJ118,3)) | DE118: =IF(CR118="","",ROUNDDOWN(CX118/DB118,3))
U120: =IF(H120="","",ROUNDDOWN(N120/R120,3)) | BM120: =IF(AZ120="","",ROUNDDOWN(BF120/BJ120,3)) | DE120: =IF(CR120="","",ROUNDDOWN(CX120/DB120,3))
U122: =IF(H122="","",ROUNDDOWN(N122/R122,3)) | BM122: =IF(AZ122="","",ROUNDDOWN(BF122/BJ122,3)) | DE122: =IF(CR122="","",ROUNDDOWN(CX122/DB122,3))
U124: =IF(H124="","",ROUNDDOWN(N124/R124,3)) | BM124: =IF(AZ124="","",ROUNDDOWN(BF124/BJ124,3)) | DE124: =IF(CR124="","",ROUNDDOWN(CX124/DB124,3))
U126: =IF(H126="","",ROUNDDOWN(N126/R126,3)) | BM126: =IF(AZ126="","",ROUNDDOWN(BF126/BJ126,3)) | DE126: =IF(CR126="","",ROUNDDOWN(CX126/DB126,3))
N128: =SUM(N116:Q127) -> 0 | U128: =IF(H128="","",ROUNDDOWN(N128/R128,3)) | BF128: =SUM(BF116:BI127) -> 0 | BM128: =IF(AZ128="","",ROUNDDOWN(BF128/BJ128,3)) | CX128: =SUM(CX116:DA127) -> 0 | DE128: =IF(CR128="","",ROUNDDOWN(CX128/DB128,3))
H130: =IF(N128=0,"","Total") | N130: =IF(H130="","",SUM(N116:Q127)) | R130: =IF(H130="","",SUM(R116:T127)) | U130: =IF(H130="","",ROUNDDOWN(N130/R130,3)) | Y130: 1/4 | AD130: =IF(N130="","",N130*1.5) | AG130: =R130 | AJ130: =IF(AD130="","",ROUNDDOWN(AD130/AG130,3)) | AZ130: =IF(BF128=0,"","Total") | BF130: =IF(AZ130="","",SUM(BF116:BI127)) | BJ130: =IF(AZ130="","",SUM(BJ116:BL127)) | BM130: =IF(AZ130="","",ROUNDDOWN(BF130/BJ130,3)) | CR130: =IF(CX128=0,"","Total") | CX130: =IF(CR130="","",SUM(CX116:DA127)) | DB130: =IF(CR130="","",SUM(DB116:DD127)) | DE130: =IF(CR130="","",ROUNDDOWN(CX130/DB130,3))
A135: Individuel Cadre 47/2 | AS135: Individuel Cadre 38/2 | CK135: Individuel 1 bande
H137: Date | N137: Pts | R137: Rep | U137: Moy. | Y137: Série | AC137: Advers. | AJ137: Equipe | AZ137: Date | BF137: Pts | BJ137: Rep | BM137: Moy. | BQ137: Série | BU137: Advers. | CB137: Equipe | CR137: Date | CX137: Pts | DB137: Rep | DE137: Moy. | DI137: Série | DM137: Advers. | DT137: Equipe
U139: =IF(H139="","",ROUNDDOWN(N139/R139,3)) | BM139: =IF(AZ139="","",ROUNDDOWN(BF139/BJ139,3)) | DE139: =IF(CR139="","",ROUNDDOWN(CX139/DB139,3))
U141: =IF(H141="","",ROUNDDOWN(N141/R141,3)) | BM141: =IF(AZ141="","",ROUNDDOWN(BF141/BJ141,3)) | DE141: =IF(CR141="","",ROUNDDOWN(CX141/DB141,3))
U143: =IF(H143="","",ROUNDDOWN(N143/R143,3)) | BM143: =IF(AZ143="","",ROUNDDOWN(BF143/BJ143,3)) | DE143: =IF(CR143="","",ROUNDDOWN(CX143/DB143,3))
U145: =IF(H145="","",ROUNDDOWN(N145/R145,3)) | BM145: =IF(AZ145="","",ROUNDDOWN(BF145/BJ145,3)) | DE145: =IF(CR145="","",ROUNDDOWN(CX145/DB145,3))
U147: =IF(H147="","",ROUNDDOWN(N147/R147,3)) | BM147: =IF(AZ147="","",ROUNDDOWN(BF147/BJ147,3)) | DE147: =IF(CR147="","",ROUNDDOWN(CX147/DB147,3))
U149: =IF(H149="","",ROUNDDOWN(N149/R149,3)) | BM149: =IF(AZ149="","",ROUNDDOWN(BF149/BJ149,3)) | DE149: =IF(CR149="","",ROUNDDOWN(CX149/DB149,3))
N151: =SUM(N139:Q150) -> 0 | U151: =IF(H151="","",ROUNDDOWN(N151/R151,3)) | BF151: =SUM(BF139:BI150) -> 0 | BM151: =IF(AZ151="","",ROUNDDOWN(BF151/BJ151,3)) | CX151: =SUM(CX139:DA150) -> 0 | DE151: =IF(CR151="","",ROUNDDOWN(CX151/DB151,3))
H153: =IF(N151=0,"","Total") | N153: =IF(H153="","",SUM(N139:Q150)) | R153: =IF(H153="","",SUM(R139:T150)) | U153: =IF(H153="","",ROUNDDOWN(N153/R153,3)) | Y153: 1/4 | AC153: =IF(N153="","",N153*1.5) | AG153: =R153 | AJ153: =IF(AC153="","",ROUNDDOWN(AC153/AG153,3)) | AZ153: =IF(BF151=0,"","Total") | BF153: =IF(AZ153="","",SUM(BF139:BI150)) | BJ153: =IF(AZ153="","",SUM(BJ139:BL150)) | BM153: =IF(AZ153="","",ROUNDDOWN(BF153/BJ153,3)) | CR153: =IF(CX151=0,"","Total") | CX153: =IF(CR153="","",SUM(CX139:DA150)) | DB153: =IF(CR153="","",SUM(DB139:DD150)) | DE153: =IF(CR153="","",ROUNDDOWN(CX153/DB153,3))
A158: Individuel 1 bande Match | AS158: Individuel 3bandes Match | CK158: Individuel 3bandes 1/4 match
H160: Date | N160: Pts | R160: Rep | U160: Moy. | Y160: Série | AC160: Advers. | AJ160: Equipe | AS160: 5. | AV160: Cat. Nat | AZ160: Date | BF160: Pts | BJ160: Rep | BM160: Moy. | BQ160: Série | BU160: Advers. | CB160: Equipe | CR160: Date | CX160: Pts | DB160: Rep | DE160: Moy. | DI160: Série | DM160: Advers. | DT160: Equipe
U162: =IF(H162="","",ROUNDDOWN(N162/R162,3)) | BM162: =IF(AZ162="","",ROUNDDOWN(BF162/BJ162,3)) | DE162: =IF(CR162="","",ROUNDDOWN(CX162/DB162,3))
U164: =IF(H164="","",ROUNDDOWN(N164/R164,3)) | BM164: =IF(AZ164="","",ROUNDDOWN(BF164/BJ164,3)) | DE164: =IF(CR164="","",ROUNDDOWN(CX164/DB164,3))
U166: =IF(H166="","",ROUNDDOWN(N166/R166,3)) | BM166: =IF(AZ166="","",ROUNDDOWN(BF166/BJ166,3)) | DE166: =IF(CR166="","",ROUNDDOWN(CX166/DB166,3))
U168: =IF(H168="","",ROUNDDOWN(N168/R168,3)) | BM168: =IF(AZ168="","",ROUNDDOWN(BF168/BJ168,3)) | DE168: =IF(CR168="","",ROUNDDOWN(CX168/DB168,3))
U170: =IF(H170="","",ROUNDDOWN(N170/R170,3)) | BM170: =IF(AZ170="","",ROUNDDOWN(BF170/BJ170,3)) | DE170: =IF(CR170="","",ROUNDDOWN(CX170/DB170,3))
U172: =IF(H172="","",ROUNDDOWN(N172/R172,3)) | BM172: =IF(AZ172="","",ROUNDDOWN(BF172/BJ172,3)) | DE172: =IF(CR172="","",ROUNDDOWN(CX172/DB172,3))
N174: =SUM(N162:Q173) -> 0 | U174: =IF(H174="","",ROUNDDOWN(N174/R174,3)) | BF174: =SUM(BF162:BI173) -> 0 | BM174: =IF(AZ174="","",ROUNDDOWN(BF174/BJ174,3)) | CX174: =SUM(CX162:DA173) -> 0 | DE174: =IF(CR174="","",ROUNDDOWN(CX174/DB174,3))
H176: =IF(N174=0,"","Total") | N176: =IF(H176="","",SUM(N162:Q173)) | R176: =IF(H176="","",SUM(R162:T173)) | U176: =IF(H176="","",ROUNDDOWN(N176/R176,3)) | Y176: 1/4 | AC176: =IF(N176="","",N176*1.5) | AG176: =R176 | AJ176: =IF(AC176="","",ROUNDDOWN(AC176/AG176,3)) | AZ176: =IF(BF174=0,"","Total") | BF176: =IF(AZ176="","",SUM(BF162:BI173)) | BJ176: =IF(AZ176="","",SUM(BJ162:BL173)) | BM176: =IF(AZ176="","",ROUNDDOWN(BF176/BJ176,3)) | CR176: =IF(CX174=0,"","Total") | CX176: =IF(CR176="","",SUM(CX162:DA173)) | DB176: =IF(CR176="","",SUM(DB162:DD173)) | DE176: =IF(CR176="","",ROUNDDOWN(CX176/DB176,3))
A181: 1ier Grand Prix 3bandes | AS181: 2ième Grand Prix 3bandes | CK181: 3ième Grand Prix 3bandes
A183: 2. | D183: 1er GP | H183: Date | N183: Pts | R183: Rep | U183: Moy. | Y183: Série | AC183: Advers. | AJ183: Billard | AS183: 3. | AV183: 2e GP | AZ183: Date | BF183: Pts | BJ183: Rep | BM183: Moy. | BQ183: Série | BU183: Advers. | CB183: Billard | CR183: Date | CX183: Pts | DB183: Rep | DE183: Moy. | DI183: Série | DM183: Advers. | DT183: Billard
A185: 1er Grand Prix | H185: 45983 | N185: 18 | R185: 43 | U185: =IF(H185="","",ROUNDDOWN(N185/R185,3)) -> 0.418 | AC185: Cruz J. | AJ185: M | AS185: 2ième Grand Prix | AZ185: 46034 | BF185: 23 | BJ185: 64 | BM185: =IF(AZ185="","",ROUNDDOWN(BF185/BJ185,3)) -> 0.359 | BU185: Biver R. | CB185: M. | CK185: 3ième Grand Prix | DE185: =IF(CR185="","",ROUNDDOWN(CX185/DB185,3))
A187: Tempelers B. | H187: 45985 | N187: 20 | R187: 33 | U187: =IF(H187="","",ROUNDDOWN(N187/R187,3)) -> 0.606 | AC187: Pallucca C. | AJ187: M | AS187: Biver R. | AZ187: 46035 | BF187: 25 | BJ187: 59 | BM187: =IF(AZ187="","",ROUNDDOWN(BF187/BJ187,3)) -> 0.423 | BU187: Goedert G. | CB187: 1/4m | DE187: =IF(CR187="","",ROUNDDOWN(CX187/DB187,3))
A189: Pereira D. | H189: 45986 | N189: 20 | R189: 49 | U189: =IF(H189="","",ROUNDDOWN(N189/R189,3)) -> 0.408 | AC189: Tempelers B. | AJ189: M | AS189: Soares A. | AZ189: 46035 | BF189: 16 | BJ189: 40 | BM189: =IF(AZ189="","",ROUNDDOWN(BF189/BJ189,3)) -> 0.4 | BU189: Cordero Ch. | CB189: 1/4m | DE189: =IF(CR189="","",ROUNDDOWN(CX189/DB189,3))
A191: Biver R. | U191: =IF(H191="","",ROUNDDOWN(N191/R191,3)) | AS191: Pereira D. | BM191: =IF(AZ191="","",ROUNDDOWN(BF191/BJ191,3)) | DE191: =IF(CR191="","",ROUNDDOWN(CX191/DB191,3))
U193: =IF(H193="","",ROUNDDOWN(N193/R193,3)) | BM193: =IF(AZ193="","",ROUNDDOWN(BF193/BJ193,3)) | DE193: =IF(CR193="","",ROUNDDOWN(CX193/DB193,3))
U195: =IF(H195="","",ROUNDDOWN(N195/R195,3)) | BM195: =IF(AZ195="","",ROUNDDOWN(BF195/BJ195,3)) | DE195: =IF(CR195="","",ROUNDDOWN(CX195/DB195,3))
N197: =SUM(N185:Q196) -> 58 | U197: =IF(H197="","",ROUNDDOWN(N197/R197,3)) | BF197: =SUM(BF185:BI196) -> 64 | BM197: =IF(AZ197="","",ROUNDDOWN(BF197/BJ197,3)) | CX197: =SUM(CX185:DA196) -> 0 | DE197: =IF(CR197="","",ROUNDDOWN(CX197/DB197,3))
H199: =IF(N197=0,"","Total") -> Total | N199: =IF(H199="","",SUM(N185:Q196)) -> 58 | R199: =IF(H199="","",SUM(R185:T196)) -> 125 | U199: =IF(H199="","",ROUNDDOWN(N199/R199,3)) -> 0.464 | Y199: 1/4 | AJ199: =IF(AD199="","",ROUNDDOWN(AD199/AG199,3)) | AZ199: =IF(BF197=0,"","Total") -> Total | BF199: =IF(AZ199="","",SUM(BF185)) -> 23 | BJ199: =IF(AZ199="","",SUM(BJ185)) -> 64 | BM199: =IF(AZ199="","",ROUNDDOWN(BF199/BJ199,3)) -> 0.359 | BQ199: 1/4 | BV199: =BF187+BF189 -> 41 | BY199: =BJ187+BJ189 -> 99 | CB199: =IF(BV199="","",ROUNDDOWN(BV199/BY199,3)) -> 0.414 | CR199: =IF(CX197=0,"","Total") | CX199: =IF(CR199="","",SUM(CX185:DA196)) | DB199: =IF(CR199="","",SUM(DB185:DD196)) | DE199: =IF(CR199="","",ROUNDDOWN(CX199/DB199,3)) | DI199: 1/4 | DT199: =IF(DN199="","",ROUNDDOWN(DN199/DQ199,3))
A204: Coupe
H206: Date | N206: Pts | R206: Rep | U206: Moy. | Y206: Série | AC206: Advers. | AJ206: Equipe
U208: =IF(H208="","",ROUNDDOWN(N208/R208,3))
U210: =IF(H210="","",ROUNDDOWN(N210/R210,3))
U212: =IF(H212="","",ROUNDDOWN(N212/R212,3))
U214: =IF(H214="","",ROUNDDOWN(N214/R214,3))
U216: =IF(H216="","",ROUNDDOWN(N216/R216,3))
U218: =IF(H218="","",ROUNDDOWN(N218/R218,3))
N220: =SUM(N208:Q219) -> 0 | U220: =IF(H220="","",ROUNDDOWN(N220/R220,3))
H222: =IF(N220=0,"","Total") | N222: =IF(H222="","",SUM(N208:Q219)) | R222: =IF(H222="","",SUM(R208:T219)) | U222: =IF(H222="","",ROUNDDOWN(N222/R222,3))

Sheet Schintgen
A1: Schintgen Did
H6: Catégorie | Y6: Libre | AO6: Cadre | BF6: 1bande | BW6: 3bandes Match | CM6: 3bandes 1/4match | DD6: 3bandes Match conv.
H8: Pts | L8: Rep | P8: Moy | Y8: =IF(N38="",0,N38)+IF(AD130="",0,AD130)+IF(BF130="",0,BF130)+IF(CX130="",0,CX130) -> 0 | AC8: =IF(R38="",0,R38)+IF(AG130="",0,AG130)+IF(BJ130="",0,BJ130)+IF(DB130="",0,DB130) -> 0 | AG8: =IF(Y8=0,0,ROUNDDOWN(Y8/AC8,3)) -> 0 | AO8: =IF(BF38="",0,BF38)+IF(AC153="",0,AC153)+IF(BF153="",0,BF153) -> 145 | AS8: =IF(BJ38="",0,BJ38)+IF(AG153="",0,AG153)+IF(BJ153="",0,BJ153) -> 57 | AW8: =IF(AO8=0,0,ROUNDDOWN(AO8/AS8,3)) -> 2.543 | BF8: =IF(CX153="",0,CX153)+IF(AC176="",0,AC176) -> 213 | BJ8: =IF(DB153="",0,DB153)+IF(AG176="",0,AG176) -> 140 | BN8: =IF(BF8=0,0,ROUNDDOWN(BF8/BJ8,3)) -> 1.521 | BW8: =IF(CX38="",0,CX38)+IF(N69="",0,N69)+IF(N199="",0,N199)+IF(BF199="",0,BF199)+IF(CX199="",0,CX199)+IF(BF176="",0,BF176) -> 129 | CA8: =IF(DB38="",0,DB38)+IF(R69="",0,R69)+IF(R199="",0,R199)+IF(BJ199="",0,BJ199)+IF(DB199="",0,DB199)+IF(BJ176="",0,BJ176) -> 424 | CE8: =IF(BW8=0,0,ROUNDDOWN(BW8/CA8,3)) -> 0.304 | CM8: =IF(BF69="",0,BF69)+IF(AD199="",0,AD199)+IF(BV199="",0,BV199)+IF(DN199="",0,DN199)+IF(CX176="",0,CX176) -> 71 | CQ8: =IF(BJ69="",0,BJ69)+IF(AG199="",0,AG199)+IF(BY199="",0,BY199)+IF(DQ199="",0,DQ199)+IF(DB176="",0,DB176) -> 156 | CU8: =IF(CM8=0,0,ROUNDDOWN(CM8/CQ8,3)) -> 0.455 | DD8: =SUM(BW8+(CM8*0.7)) -> 178.7 | DH8: =SUM(CA8+CQ8) -> 580 | DL8: =IF(DD8=0,0,ROUNDDOWN(DD8/DH8,3)) -> 0.308
A12: Libre | AS12: Cadre | CK12: 3bandes Billard Match
H14: Date | N14: Pts | R14: Rep | U14: Moy. | Y14: Série | AC14: Advers. | AJ14: Equipe | AZ14: Date | BF14: Pts | BJ14: Rep | BM14: Moy. | BQ14: Série | BU14: Advers. | CB14: Equipe | CR14: Date | CX14: Pts | DB14: Rep | DE14: Moy. | DI14: Série | DM14: Advers. | DT14: Equipe
A16: ITC Classique | D16: J 1 | U16: =IF(H16="","",ROUNDDOWN(N16/R16,3)) | AS16: ITC Classique | AV16: J 1 | AZ16: 46041 | BF16: 49 | BJ16: 20 | BM16: =IF(AZ16="","",ROUNDDOWN(BF16/BJ16,3)) -> 2.45 | BQ16: 14 | BU16: Goedert G. | CB16: DUD2 | CK16: ITC Classique | CN16: J 1 | DE16: =IF(CR16="","",ROUNDDOWN(CX16/DB16,3))
D18: J 2 | U18: =IF(H18="","",ROUNDDOWN(N18/R18,3)) | AV18: J 2 | AZ18: 46048 | BF18: 58 | BJ18: 20 | BM18: =IF(AZ18="","",ROUNDDOWN(BF18/BJ18,3)) -> 2.9 | BQ18: 12 | BU18: Drye M. | CB18: DUD2 | CN18: J 2 | DE18: =IF(CR18="","",ROUNDDOWN(CX18/DB18,3))
D20: J 3 | U20: =IF(H20="","",ROUNDDOWN(N20/R20,3)) | AV20: J 3 | AZ20: 46055 | BF20: 38 | BJ20: 17 | BM20: =IF(AZ20="","",ROUNDDOWN(BF20/BJ20,3)) -> 2.235 | BQ20: 8 | BU20: Schreiner M. | CB20: DUD2 | CN20: J 3 | DE20: =IF(CR20="","",ROUNDDOWN(CX20/DB20,3))
D22: J 4 | U22: =IF(H22="","",ROUNDDOWN(N22/R22,3)) | AV22: J 4 | BM22: =IF(AZ22="","",ROUNDDOWN(BF22/BJ22,3)) | CN22: J 4 | CR22: 46062 | CX22: 17 | DB22: 40 | DE22: =IF(CR22="","",ROUNDDOWN(CX22/DB22,3)) -> 0.425 | DI22: 3 | DM22: Ribeiro A. | DT22: DUD2
D24: J 5 | U24: =IF(H24="","",ROUNDDOWN(N24/R24,3)) | AV24: J 5 | BM24: =IF(AZ24="","",ROUNDDOWN(BF24/BJ24,3)) | CN24: J 5 | DE24: =IF(CR24="","",ROUNDDOWN(CX24/DB24,3))
D26: J 6 | U26: =IF(H26="","",ROUNDDOWN(N26/R26,3)) | AV26: J 6 | BM26: =IF(AZ26="","",ROUNDDOWN(BF26/BJ26,3)) | CN26: J 6 | CR26: 46083 | CX26: 14 | DB26: 40 | DE26: =IF(CR26="","",ROUNDDOWN(CX26/DB26,3)) -> 0.35 | DI26: 4 | DM26: Biver R. | DT26: DUD2
D28: J7 | U28: =IF(H28="","",ROUNDDOWN(N28/R28,3)) | AV28: J7 | BM28: =IF(AZ28="","",ROUNDDOWN(BF28/BJ28,3)) | CN28: J7 | DE28: =IF(CR28="","",ROUNDDOWN(CX28/DB28,3))
D30: J8 | U30: =IF(H30="","",ROUNDDOWN(N30/R30,3)) | AV30: J8 | BM30: =IF(AZ30="","",ROUNDDOWN(BF30/BJ30,3)) | CN30: J8 | DE30: =IF(CR30="","",ROUNDDOWN(CX30/DB30,3))
D32: J9 | U32: =IF(H32="","",ROUNDDOWN(N32/R32,3)) | AV32: J9 | BM32: =IF(AZ32="","",ROUNDDOWN(BF32/BJ32,3)) | CN32: J9 | DE32: =IF(CR32="","",ROUNDDOWN(CX32/DB32,3))
D34: J10 | U34: =IF(H34="","",ROUNDDOWN(N34/R34,3)) | AV34: J10 | BM34: =IF(AZ34="","",ROUNDDOWN(BF34/BJ34,3)) | CN34: J10 | DE34: =IF(CR34="","",ROUNDDOWN(CX34/DB34,3))
N36: =SUM(N16:Q35) -> 0 | U36: =IF(H36="","",ROUNDDOWN(N36/R36,3)) | BF36: =SUM(BF16:BI35) -> 145 | BM36: =IF(AZ36="","",ROUNDDOWN(BF36/BJ36,3)) | CX36: =SUM(CX16:DA35) -> 31 | DE36: =IF(CR36="","",ROUNDDOWN(CX36/DB36,3))
H38: =IF(N36=0,"","Total") | N38: =IF(H38="","",SUM(N16:Q35)) | R38: =IF(H38="","",SUM(R16:T35)) | U38: =IF(H38="","",ROUNDDOWN(N38/R38,3)) | AZ38: =IF(BF36=0,"","Total") -> Total | BF38: =IF(AZ38="","",SUM(BF16:BI35)) -> 145 | BJ38: =IF(AZ38="","",SUM(BJ16:BL35)) -> 57 | BM38: =IF(AZ38="","",ROUNDDOWN(BF38/BJ38,3)) -> 2.543 | CR38: =IF(CX36=0,"","Total") -> Total | CX38: =IF(CR38="","",SUM(CX16:DA35)) -> 31 | DB38: =IF(CR38="","",SUM(DB16:DD35)) -> 80 | DE38: =IF(CR38="","",ROUNDDOWN(CX38/DB38,3)) -> 0.387
A43: 3bandes Billard Match | AS43: 3bandes Billard 1/4 match
H45: Date | N45: Pts | R45: Rep | U45: Moy. | Y45: Série | AC45: Advers. | AJ45: Equipe | AZ45: Date | BF45: Pts | BJ45: Rep | BM45: Moy. | BQ45: Série | BU45: Advers. | CB45: Equipe
A47: ITC 3bandes | D47: J 1 | H47: 45915 | N47: 10 | R47: 40 | U47: =IF(H47="","",ROUNDDOWN(N47/R47,3)) -> 0.25 | Y47: 3 | AC47: Pereira D. | AJ47: DUD2 | AS47: ITC 3bandes | AV47: J 1 | BM47: =IF(AZ47="","",ROUNDDOWN(BF47/BJ47,3))
D49: J 2 | H49: 45922 | N49: 10 | R49: 40 | U49: =IF(H49="","",ROUNDDOWN(N49/R49,3)) -> 0.25 | Y49: 2 | AC49: Cordero Ch. | AJ49: DUD2 | AV49: J 2 | BM49: =IF(AZ49="","",ROUNDDOWN(BF49/BJ49,3))
D51: J 3 | H51: 45929 | N51: 10 | R51: 40 | U51: =IF(H51="","",ROUNDDOWN(N51/R51,3)) -> 0.25 | Y51: 2 | AC51: Marques C. | AJ51: DUD2 | AV51: J 3 | BM51: =IF(AZ51="","",ROUNDDOWN(BF51/BJ51,3))
D53: J 4 | H53: 45936 | N53: 14 | R53: 40 | U53: =IF(H53="","",ROUNDDOWN(N53/R53,3)) -> 0.35 | Y53: 3 | AC53: Cruz J. | AJ53: DUD2 | AV53: J 4 | BM53: =IF(AZ53="","",ROUNDDOWN(BF53/BJ53,3))
D55: J 5 | H55: 45943 | N55: 11 | R55: 40 | U55: =IF(H55="","",ROUNDDOWN(N55/R55,3)) -> 0.275 | Y55: 2 | AC55: Guidez L. | AJ55: DUD2 | AV55: J 5 | BM55: =IF(AZ55="","",ROUNDDOWN(BF55/BJ55,3))
D57: J 6 | H57: 45950 | N57: 13 | R57: 40 | U57: =IF(H57="","",ROUNDDOWN(N57/R57,3)) -> 0.325 | Y57: 2 | AC57: Goedert G. | AJ57: DUD2 | AV57: J 6 | BM57: =IF(AZ57="","",ROUNDDOWN(BF57/BJ57,3))
D59: J7 | U59: =IF(H59="","",ROUNDDOWN(N59/R59,3)) | AV59: J7 | AZ59: 45957 | BF59: 10 | BJ59: 29 | BM59: =IF(AZ59="","",ROUNDDOWN(BF59/BJ59,3)) -> 0.344 | BQ59: 2 | BU59: Kihn D. | CB59: DUD1
D61: J8 | H61: 45971 | N61: 9 | R61: 33 | U61: =IF(H61="","",ROUNDDOWN(N61/R61,3)) -> 0.272 | Y61: 2 | AC61: Schreiner M. | AJ61: DUD2 | AV61: J8 | BM61: =IF(AZ61="","",ROUNDDOWN(BF61/BJ61,3))
D63: J9 | H63: 45978 | N63: 11 | R63: 40 | U63: =IF(H63="","",ROUNDDOWN(N63/R63,3)) -> 0.275 | Y63: 2 | AC63: Ribeiro A. | AJ63: DUD2 | AV63: J9 | BM63: =IF(AZ63="","",ROUNDDOWN(BF63/BJ63,3))
D65: J10 | H65: 45992 | N65: 10 | R65: 31 | U65: =IF(H65="","",ROUNDDOWN(N65/R65,3)) -> 0.322 | Y65: 2 | AC65: Tempelers B. | AJ65: DUD2 | AV65: J10 | BM65: =IF(AZ65="","",ROUNDDOWN(BF65/BJ65,3))
N67: =SUM(N47:Q66) -> 98 | U67: =IF(H67="","",ROUNDDOWN(N67/R67,3)) | BF67: =SUM(BF47:BI66) -> 10 | BM67: =IF(AZ67="","",ROUNDDOWN(BF67/BJ67,3))
H69: =IF(N67=0,"","Total") -> Total | N69: =IF(H69="","",SUM(N47:Q66)) -> 98 | R69: =IF(H69="","",SUM(R47:T66)) -> 344 | U69: =IF(H69="","",ROUNDDOWN(N69/R69,3)) -> 0.284 | AZ69: =IF(BF67=0,"","Total") -> Total | BF69: =IF(AZ69="","",SUM(BF47:BI66)) -> 10 | BJ69: =IF(AZ69="","",SUM(BJ47:BL66)) -> 29 | BM69: =IF(AZ69="","",ROUNDDOWN(BF69/BJ69,3)) -> 0.344
AZ72: Match en 1. équipe
A112: Individuel Libre Match | AS112: Individuel Libre 1/4match | CK112: Individuel Handycap
H114: Date | N114: Pts | R114: Rep | U114: Moy. | Y114: Série | AC114: Advers. | AJ114: Equipe | AZ114: Date | BF114: Pts | BJ114: Rep | BM114: Moy. | BQ114: Série | BU114: Advers. | CB114: Equipe | CR114: Date | CX114: Pts | DB114: Rep | DE114: Moy. | DI114: Série | DM114: Advers. | DT114: Equipe
U116: =IF(H116="","",ROUNDDOWN(N116/R116,3)) | BM116: =IF(AZ116="","",ROUNDDOWN(BF116/BJ116,3)) | DE116: =IF(CR116="","",ROUNDDOWN(CX116/DB116,3))
U118: =IF(H118="","",ROUNDDOWN(N118/R118,3)) | BM118: =IF(AZ118="","",ROUNDDOWN(BF118/BJ118,3)) | DE118: =IF(CR118="","",ROUNDDOWN(CX118/DB118,3))
U120: =IF(H120="","",ROUNDDOWN(N120/R120,3)) | BM120: =IF(AZ120="","",ROUNDDOWN(BF120/BJ120,3)) | DE120: =IF(CR120="","",ROUNDDOWN(CX120/DB120,3))
U122: =IF(H122="","",ROUNDDOWN(N122/R122,3)) | BM122: =IF(AZ122="","",ROUNDDOWN(BF122/BJ122,3)) | DE122: =IF(CR122="","",ROUNDDOWN(CX122/DB122,3))
U124: =IF(H124="","",ROUNDDOWN(N124/R124,3)) | BM124: =IF(AZ124="","",ROUNDDOWN(BF124/BJ124,3)) | DE124: =IF(CR124="","",ROUNDDOWN(CX124/DB124,3))
U126: =IF(H126="","",ROUNDDOWN(N126/R126,3)) | BM126: =IF(AZ126="","",ROUNDDOWN(BF126/BJ126,3)) | DE126: =IF(CR126="","",ROUNDDOWN(CX126/DB126,3))
N128: =SUM(N116:Q127) -> 0 | U128: =IF(H128="","",ROUNDDOWN(N128/R128,3)) | BF128: =SUM(BF116:BI127) -> 0 | BM128: =IF(AZ128="","",ROUNDDOWN(BF128/BJ128,3)) | CX128: =SUM(CX116:DA127) -> 0 | DE128: =IF(CR128="","",ROUNDDOWN(CX128/DB128,3))
H130: =IF(N128=0,"","Total") | N130: =IF(H130="","",SUM(N116:Q127)) | R130: =IF(H130="","",SUM(R116:T127)) | U130: =IF(H130="","",ROUNDDOWN(N130/R130,3)) | Y130: 1/4 | AD130: =IF(N130="","",N130*1.5) | AG130: =R130 | AJ130: =IF(AD130="","",ROUNDDOWN(AD130/AG130,3)) | AZ130: =IF(BF128=0,"","Total") | BF130: =IF(AZ130="","",SUM(BF116:BI127)) | BJ130: =IF(AZ130="","",SUM(BJ116:BL127)) | BM130: =IF(AZ130="","",ROUNDDOWN(BF130/BJ130,3)) | CR130: =IF(CX128=0,"","Total") | CX130: =IF(CR130="","",SUM(CX116:DA127)) | DB130: =IF(CR130="","",SUM(DB116:DD127)) | DE130: =IF(CR130="","",ROUNDDOWN(CX130/DB130,3))
A135: Individuel Cadre 47/2 | AS135: Individuel Cadre 38/2 | CK135: Individuel 1 bande
H137: Date | N137: Pts | R137: Rep | U137: Moy. | Y137: Série | AC137: Advers. | AJ137: Equipe | AZ137: Date | BF137: Pts | BJ137: Rep | BM137: Moy. | BQ137: Série | BU137: Advers. | CB137: Equipe | CK137: 4. | CN137: Cat1 | CR137: Date | CX137: Pts | DB137: Rep | DE137: Moy. | DI137: Série | DM137: Advers. | DT137: Equipe
U139: =IF(H139="","",ROUNDDOWN(N139/R139,3)) | BM139: =IF(AZ139="","",ROUNDDOWN(BF139/BJ139,3)) | CK139: Pallucca C. | CR139: 45994 | CX139: 42 | DB139: 27 | DE139: =IF(CR139="","",ROUNDDOWN(CX139/DB139,3)) -> 1.555 | DI139: 9 | DM139: Pallucca C. | DT139: Quali
U141: =IF(H141="","",ROUNDDOWN(N141/R141,3)) | BM141: =IF(AZ141="","",ROUNDDOWN(BF141/BJ141,3)) | CK141: Biver R. | CR141: 45994 | CX141: 50 | DB141: 28 | DE141: =IF(CR141="","",ROUNDDOWN(CX141/DB141,3)) -> 1.785 | DI141: 8 | DM141: Collin B. | DT141: Quali
U143: =IF(H143="","",ROUNDDOWN(N143/R143,3)) | BM143: =IF(AZ143="","",ROUNDDOWN(BF143/BJ143,3)) | CK143: Soares A. | CR143: 45999 | CX143: 45 | DB143: 30 | DE143: =IF(CR143="","",ROUNDDOWN(CX143/DB143,3)) -> 1.5 | DI143: 6 | DM143: Soares A. | DT143: Finale
U145: =IF(H145="","",ROUNDDOWN(N145/R145,3)) | BM145: =IF(AZ145="","",ROUNDDOWN(BF145/BJ145,3)) | CR145: 46001 | CX145: 34 | DB145: 26 | DE145: =IF(CR145="","",ROUNDDOWN(CX145/DB145,3)) -> 1.307 | DI145: 5 | DM145: Pallucca C. | DT145: Finale
U147: =IF(H147="","",ROUNDDOWN(N147/R147,3)) | BM147: =IF(AZ147="","",ROUNDDOWN(BF147/BJ147,3)) | CR147: 46002 | CX147: 42 | DB147: 29 | DE147: =IF(CR147="","",ROUNDDOWN(CX147/DB147,3)) -> 1.448 | DI147: 10 | DM147: Biver R. | DT147: Finale
U149: =IF(H149="","",ROUNDDOWN(N149/R149,3)) | BM149: =IF(AZ149="","",ROUNDDOWN(BF149/BJ149,3)) | DE149: =IF(CR149="","",ROUNDDOWN(CX149/DB149,3))
N151: =SUM(N139:Q150) -> 0 | U151: =IF(H151="","",ROUNDDOWN(N151/R151,3)) | BF151: =SUM(BF139:BI150) -> 0 | BM151: =IF(AZ151="","",ROUNDDOWN(BF151/BJ151,3)) | CX151: =SUM(CX139:DA150) -> 213 | DE151: =IF(CR151="","",ROUNDDOWN(CX151/DB151,3))
H153: =IF(N151=0,"","Total") | N153: =IF(H153="","",SUM(N139:Q150)) | R153: =IF(H153="","",SUM(R139:T150)) | U153: =IF(H153="","",ROUNDDOWN(N153/R153,3)) | Y153: 1/4 | AC153: =IF(N153="","",N153*1.5) | AG153: =R153 | AJ153: =IF(AC153="","",ROUNDDOWN(AC153/AG153,3)) | AZ153: =IF(BF151=0,"","Total") | BF153: =IF(AZ153="","",SUM(BF139:BI150)) | BJ153: =IF(AZ153="","",SUM(BJ139:BL150)) | BM153: =IF(AZ153="","",ROUNDDOWN(BF153/BJ153,3)) | CR153: =IF(CX151=0,"","Total") -> Total | CX153: =IF(CR153="","",SUM(CX139:DA150)) -> 213 | DB153: =IF(CR153="","",SUM(DB139:DD150)) -> 140 | DE153: =IF(CR153="","",ROUNDDOWN(CX153/DB153,3)) -> 1.521
A158: Individuel 1 bande Match | AS158: Individuel 3bandes Match | CK158: Individuel 3bandes 1/4 match
H160: Date | N160: Pts | R160: Rep | U160: Moy. | Y160: Série | AC160: Advers. | AJ160: Equipe | AZ160: Date | BF160: Pts | BJ160: Rep | BM160: Moy. | BQ160: Série | BU160: Advers. | CB160: Equipe | CK160: 4. | CN160: Cat1 | CR160: Date | CX160: Pts | DB160: Rep | DE160: Moy. | DI160: Série | DM160: Advers. | DT160: Equipe
U162: =IF(H162="","",ROUNDDOWN(N162/R162,3)) | BM162: =IF(AZ162="","",ROUNDDOWN(BF162/BJ162,3)) | CK162: Ribeiro A. | CR162: 45917 | CX162: 16 | DB162: 35 | DE162: =IF(CR162="","",ROUNDDOWN(CX162/DB162,3)) -> 0.457 | DI162: 4 | DM162: Ribeiro A. | DT162: Final
U164: =IF(H164="","",ROUNDDOWN(N164/R164,3)) | BM164: =IF(AZ164="","",ROUNDDOWN(BF164/BJ164,3)) | CK164: Cordero Ch. | CR164: 45917 | CX164: 15 | DB164: 33 | DE164: =IF(CR164="","",ROUNDDOWN(CX164/DB164,3)) -> 0.454 | DI164: 2 | DM164: Pallucca C. | DT164: Final
U166: =IF(H166="","",ROUNDDOWN(N166/R166,3)) | BM166: =IF(AZ166="","",ROUNDDOWN(BF166/BJ166,3)) | CK166: Pallucca C. | CR166: 45919 | CX166: 10 | DB166: 25 | DE166: =IF(CR166="","",ROUNDDOWN(CX166/DB166,3)) -> 0.4 | DI166: 2 | DM166: Cordero Ch. | DT166: Final
U168: =IF(H168="","",ROUNDDOWN(N168/R168,3)) | BM168: =IF(AZ168="","",ROUNDDOWN(BF168/BJ168,3)) | CR168: 45924 | CX168: 20 | DB168: 34 | DE168: =IF(CR168="","",ROUNDDOWN(CX168/DB168,3)) -> 0.588 | DI168: 5 | DM168: Soares A. | DT168: Final
U170: =IF(H170="","",ROUNDDOWN(N170/R170,3)) | BM170: =IF(AZ170="","",ROUNDDOWN(BF170/BJ170,3)) | DE170: =IF(CR170="","",ROUNDDOWN(CX170/DB170,3))
U172: =IF(H172="","",ROUNDDOWN(N172/R172,3)) | BM172: =IF(AZ172="","",ROUNDDOWN(BF172/BJ172,3)) | DE172: =IF(CR172="","",ROUNDDOWN(CX172/DB172,3))
N174: =SUM(N162:Q173) -> 0 | U174: =IF(H174="","",ROUNDDOWN(N174/R174,3)) | BF174: =SUM(BF162:BI173) -> 0 | BM174: =IF(AZ174="","",ROUNDDOWN(BF174/BJ174,3)) | CX174: =SUM(CX162:DA173) -> 61 | DE174: =IF(CR174="","",ROUNDDOWN(CX174/DB174,3))
H176: =IF(N174=0,"","Total") | N176: =IF(H176="","",SUM(N162:Q173)) | R176: =IF(H176="","",SUM(R162:T173)) | U176: =IF(H176="","",ROUNDDOWN(N176/R176,3)) | Y176: 1/4 | AC176: =IF(N176="","",N176*1.5) | AG176: =R176 | AJ176: =IF(AC176="","",ROUNDDOWN(AC176/AG176,3)) | AZ176: =IF(BF174=0,"","Total") | BF176: =IF(AZ176="","",SUM(BF162:BI173)) | BJ176: =IF(AZ176="","",SUM(BJ162:BL173)) | BM176: =IF(AZ176="","",ROUNDDOWN(BF176/BJ176,3)) | CR176: =IF(CX174=0,"","Total") -> Total | CX176: =IF(CR176="","",SUM(CX162:DA173)) -> 61 | DB176: =IF(CR176="","",SUM(DB162:DD173)) -> 127 | DE176: =IF(CR176="","",ROUNDDOWN(CX176/DB176,3)) -> 0.48
A181: 1ier Grand Prix 3bandes | AS181: 2ième Grand Prix 3bandes | CK181: 3ième Grand Prix 3bandes
H183: Date | N183: Pts | R183: Rep | U183: Moy. | Y183: Série | AC183: Advers. | AJ183: Billard | AZ183: Date | BF183: Pts | BJ183: Rep | BM183: Moy. | BQ183: Série | BU183: Advers. | CB183: Billard | CR183: Date | CX183: Pts | DB183: Rep | DE183: Moy. | DI183: Série | DM183: Advers. | DT183: Billard
A185: 1er Grand Prix | U185: =IF(H185="","",ROUNDDOWN(N185/R185,3)) | AS185: 2ième Grand Prix | BM185: =IF(AZ185="","",ROUNDDOWN(BF185/BJ185,3)) | CK185: 3ième Grand Prix | DE185: =IF(CR185="","",ROUNDDOWN(CX185/DB185,3))
U187: =IF(H187="","",ROUNDDOWN(N187/R187,3)) | BM187: =IF(AZ187="","",ROUNDDOWN(BF187/BJ187,3)) | DE187: =IF(CR187="","",ROUNDDOWN(CX187/DB187,3))
U189: =IF(H189="","",ROUNDDOWN(N189/R189,3)) | BM189: =IF(AZ189="","",ROUNDDOWN(BF189/BJ189,3)) | DE189: =IF(CR189="","",ROUNDDOWN(CX189/DB189,3))
U191: =IF(H191="","",ROUNDDOWN(N191/R191,3)) | BM191: =IF(AZ191="","",ROUNDDOWN(BF191/BJ191,3)) | DE191: =IF(CR191="","",ROUNDDOWN(CX191/DB191,3))
U193: =IF(H193="","",ROUNDDOWN(N193/R193,3)) | BM193: =IF(AZ193="","",ROUNDDOWN(BF193/BJ193,3)) | DE193: =IF(CR193="","",ROUNDDOWN(CX193/DB193,3))
U195: =IF(H195="","",ROUNDDOWN(N195/R195,3)) | BM195: =IF(AZ195="","",ROUNDDOWN(BF195/BJ195,3)) | DE195: =IF(CR195="","",ROUNDDOWN(CX195/DB195,3))
N197: =SUM(N185:Q196) -> 0 | U197: =IF(H197="","",ROUNDDOWN(N197/R197,3)) | BF197: =SUM(BF185:BI196) -> 0 | BM197: =IF(AZ197="","",ROUNDDOWN(BF197/BJ197,3)) | CX197: =SUM(CX185:DA196) -> 0 | DE197: =IF(CR197="","",ROUNDDOWN(CX197/DB197,3))
